Name,Review,Label,,,
Yuki Audhia,Kesekian kalinya beli tiket kereta api disini n tdk pernah kecewa. Tiket lebaranpun bs dpt tiket pulang pergi. Puas pokoknya. Cuma sayang untuk promonya skr menggunakan syarat pembayaran tertentu. Padahal pertama kali berminat pake aplikasi ini krn promonya banyak n tdk ribet,POSITIF,,Negatif,287
Novita Vita,"Mantul lah...mudah""an lbih baik lagi..    Cepat g neko"" ... Saran saya,mudah""an iklan di televisi di ganti ajj,kurang berbobot.. ",POSITIF,,Positif ,712
Mulasih Tary,"Baru mau pakai aplikasi ini, saya akan beri ulasan stelah memakainya dan akan beri bintang 5 kalau sesuai...",POSITIF,,,999
Heri Waluyo,"Mohon maaf sebelumnya cuma mau kasih saran aja,  klo mau tambah maju sukses menurut saya ini aplikasi mohon maaf  klo bisa nama Mister Aladin sama iklan nya mohon diganti aja kurang bagus tdk menarik, Mohon maaf sekali lg cuma saran aja, semoga aplikasi ini bisa memberi manfaat utk smua ora...Ulasan LengkapMohon maaf sebelumnya cuma mau kasih saran aja,  klo mau tambah maju sukses menurut saya ini aplikasi mohon maaf  klo bisa nama Mister Aladin sama iklan nya mohon diganti aja kurang bagus tdk menarik, Mohon maaf sekali lg cuma saran aja, semoga aplikasi ini bisa memberi manfaat utk smua orang, SUKSES BOSS",NEGATIF,,,
el Junior toys,Sejak di iklanin di tv. Diskon keretanya udah ga pernah ada lg..jadi pindah ke sebelah aja,NEGATIF,,,
Feryl Feryl,Mahal harga nya dan pesawat nya tidak ada pilihan...,NEGATIF,,,
Tiket Pedia,Sangat memudahkan dalam booking tiket pesawat,POSITIF,,,
seffya ayay,ko susah mau pesan gak bisa malah disuruh cari tiket terdekat,NEGATIF,,,
Isma Saputro,"Mantap mister aladin, sudah 3x dapet tiket promo. Kalo bisa tuk tiket bis juga ada Promo tiketnya dong di tambah",POSITIF,,,
Mang Oe Channel,"Aplikasi bagus, diskonan oke.. Recommended buat para traveller",POSITIF,,,
Dian Hermawan,"Ok,apalagi banyak promonya tak klop kan jadi bintang lima",POSITIF,,,
Hikmat Praja,Lebih maju lg....,POSITIF,,,
Idris Apandi,"Saya baru pertama melakukan transaksi pakai aplikasi. Saya sudah booking tiket kereta api dan sudah saya bayar di alfamart. Tetapi etiket belum juga dikirim dan hanya disuruh untuk menunggu tanpa kepastian. Tolong diperbaiki sistemnya, atau kasih konsumen kejelasan. Setidaknya cs harus cepat tanggap...Ulasan LengkapSaya baru pertama melakukan transaksi pakai aplikasi. Saya sudah booking tiket kereta api dan sudah saya bayar di alfamart. Tetapi etiket belum juga dikirim dan hanya disuruh untuk menunggu tanpa kepastian. Tolong diperbaiki sistemnya, atau kasih konsumen kejelasan. Setidaknya cs harus cepat tanggap dengan komplain konsumen.",NEGATIF,,,
AGUS SETIONO,"Sering Promo tapi PHP. Ngeluarin kode promo tapi invalid pas dimasukkan kode promonya (padahal masih di awal jam promo, udah dibela-belain nungguin jam promo). Tiba udah bisa masukkan kode promo keterangannya malah kuota habis. Sebenarnya niat ngasih promo nggak sih, atau cuma mau ikut-ikutan OTA se...Ulasan LengkapSering Promo tapi PHP. Ngeluarin kode promo tapi invalid pas dimasukkan kode promonya (padahal masih di awal jam promo, udah dibela-belain nungguin jam promo). Tiba udah bisa masukkan kode promo keterangannya malah kuota habis. Sebenarnya niat ngasih promo nggak sih, atau cuma mau ikut-ikutan OTA sebelah aja... OTA sebelah sih jelas promonya REAL PROMO not MYSTERY, gak PHP kayak kamu Mister.",NEGATIF,,,
Val Gregor,"Aplikasi ini susah bagus... Membuat akses booking dan memesan tiket lebih mudah, selain itu terdapat banyak diskon yang bisa dipakai, tetapi masih terdapat beberapa masalah yang ada, seperti terkadang ada kesalahan dari aplikasi seperti saat sudah membayar di alfamart tetapi ternyata di aplikasi ini...Ulasan LengkapAplikasi ini susah bagus... Membuat akses booking dan memesan tiket lebih mudah, selain itu terdapat banyak diskon yang bisa dipakai, tetapi masih terdapat beberapa masalah yang ada, seperti terkadang ada kesalahan dari aplikasi seperti saat sudah membayar di alfamart tetapi ternyata di aplikasi ini dituliskan bahwa transaksi tersebut gagal, sehingga membuat uang yang sudah dibayarkan sia-sia, sehingga lebih baik diperbaiki secepatnya tentamg sistem ini.",POSITIF,,,
Lia Puspita,"Saya kecewa dengan pelayanan, tidak bisa melakukan check in di hari keberangkatan menyebabkan saya harus membeli tiket kembali, tidak ada konfirmasi jauh2 hari untuk tiket keberangkatan saya tidak bisa check in, di layar tertulis times out, padahal saya sudah melakukan pembayaran sebelum batas waktu...Ulasan LengkapSaya kecewa dengan pelayanan, tidak bisa melakukan check in di hari keberangkatan menyebabkan saya harus membeli tiket kembali, tidak ada konfirmasi jauh2 hari untuk tiket keberangkatan saya tidak bisa check in, di layar tertulis times out, padahal saya sudah melakukan pembayaran sebelum batas waktu pembayaran.....",NEGATIF,,,
aliah pakalolo,Lebih murah dr yg lain,POSITIF,,,
M Holil,Ahh gimik doang diskon nya,NEGATIF,,,
Akhmad Zaenul,Ga ada diskon lagi,NEGATIF,,,
jul indra,Tiket pesawatnya minim promo,NEGATIF,,,
aqeela nabila,Kenapa skrg kecil discountnya... Saya selalu tiap bulan langganan beli tiket kereta di sini. Bener2 bisa memangkas budget karna Bulan kmren tiket kereta masih discount 20% tanpa maksimum discount 75000. Skrg cuma 15% maksimum 75000. Sedang sekali beli saya 3-4 orang Pp,NEGATIF,,,
darmawi awie,Sangat memuaskan,POSITIF,,,
Dwi N.P Sawaki,"Mf ksh bintang 4, soalnya aplikasi ini hrs di daerah yg berinternet kencang, klo kita di Papua hrs nunggu lama loading hnya untk ngecek harga, klo cm 3 aplikasi sebelah msh stabil saja. Thanks",NEGATIF,,,
Endah Tri Utami Semito,"Ga bisa daftar karna nomer HP harus 9 digit, gimana ceritanya coba 12 ke 9... mau nya di donlot tapi udh di donlot malah gabisa daftar, aneh",NEGATIF,,,
Rudi Awirana,Menyesal sangat download aplikasi ini. Update trus app nya. Harganya lebih mahal di banding app sejenis. Uninstall,NEGATIF,,,
ami gustaf,"Aplikasi yang sering saya gunakan untuk membeli tiket n pesan hotel, selain gak ribet harganya juga murah dr yg lain belom lagi ada voucher diskon lagi...pokoknya recomended bgt",POSITIF,,,
Michelle love,"Gak bisa reschedulle , padahal pihak hotel sudah menyetujui karena masih ada kamar yang sama. Beda sama Tr*****k* meskipun dpt promo epic yang diskonnya 80% tetep bisa reschedulle.",NEGATIF,,,
Teguh Pamungkas,"Aplikasi cuman mau untung kuota aja,tolong kerja aplikasi yg jujurr bukan nya di bikin rugi custamer dengan cara loading aja dan tidak dapat hasil dengan baik. Boros kuota wifi saja. Dan RAm HP",NEGATIF,,,
Masduki Jakaria,Udh minim promo diskon lagi,NEGATIF,,,
Matteo Ricci Dwi,mana promo KAI nya?,NEGATIF,,,
Eti Sugianti,Diskon nya atuh,NEGATIF,,,
Beny Siswanto,"belom juga pake buat beli tiket apapun, sekalinya buka aplikasi minta update mulu. Makasih deh",NEGATIF,,,
Agus Sugus,"Mau tanya,gmn caranya proses utk mendapatkan tiket pesawat/hotel&bisakah dibayar kredit satu bulan,mhn tanggapannya.",NEGATIF,,,
Asti Perdani,Minta update mulu sih iniaplikasi baru juga donlod sehari minta di update trus blom seminggu minta update lagi udah gitu fitur searching hotel per daerah kurang spesifik,NEGATIF,,,
muhammad zainuri,"tolong ya iklan mister aladin di televisi jangan selalu pakai bunyi handphone, bikin orang kaget ngira handphone bunyi ngga taunya iklan. bikin reputasi ni aplikasi semakin jelek. payah",NEGATIF,,,
Wj Siswanto,"Mudah dipahami dan cepat cara penggunaan aplikasinya, so sll ada discount-nya.",POSITIF,,,
Surya Ariatma,Diskonnya makin menurun,NEGATIF,,,
Ahmad Hakiki,"promo tiket keretanya ditambah donk jadi 25% atau 30%, dan minimal untuk 2 sampai 3 kali penggunaan untuk per periode promonya",NEGATIF,,,
Mas Boy Ajah,"Saya beli tiket selalu dapat discount, jadi jgn hilangkan program ini, sebaiknya dilanjutkan dan ditingkatkan  ",POSITIF,,,
azmi makruf,Register dengan nomor hp selalu ditolak dengan sebab angka nomor nya kurang' padahal kode erifikasi sudah dimasukkan,NEGATIF,,,
Abdulaziez Mufakhhir,"Diskon tiketa nya paling mantap di banding yg lain, di pertahankan yah, jgn sampe di turunin",POSITIF,,,
deni purnama,Joooooos...mantep discount kereta apinya...kelas eksekutif harga bisnis.....kl bisa tambahin lg discountnya....,POSITIF,,,
Arief Fauzi,Promo kereta api khusus pemegang kartu kredit.......gak semua orang punya kartu kredit..,NEGATIF,,,
Aldebaran Chandra,"Maaf menunggu lama, masalah sudah teratasi. Dan tentunya, promo menanti.",NEGATIF,,,
rahmat afifah,Promo spesialnya gila gilaan.. Ga ada tandingan nya.... Mister aladin mantul...,POSITIF,,,
Hendra Mahaputra,Diskon tiket kereta api terbesar dari aplikasi lainnya tanpa tibet,POSITIF,,,
Backry Montero,"Respon cepat , dan operatornya baik... Mantap Mr. Aladin. Terima kasih  ",POSITIF,,,
Perwira Pandu,Miraaaaah bangeeet,POSITIF,,,
Kasno Kasno,Mudah bokingan,POSITIF,,,
Ardiansyah Ardiansyah,Perlu perbaikan. Saya selalu gagal membayar dgn mbanking. Harus pakai kartu kreditbaru lancar,NEGATIF,,,
virus ajaib,Selalu beri diskon yang murah2 mister aladin..,POSITIF,,,
Harith Husin,"Promonya utk tiket kereta dr malang ke Jakarta,luar biasa potongan nya,discoun nya...",POSITIF,,,
irwan darmawan,"Potongan Harga setiap Hari khususnya Kereta Api,pertahankan terus Mister Untuk potongan Harganya.",POSITIF,,,
Danang Widarto,Diskon an nya udh gak seperti dulu payah..!!!,NEGATIF,,,
Lada Wijaya,Alhamdulillah.... Ni aplikasi mantap bisa kasih potongan harga gede....,POSITIF,,,
agustina diana,kebanyakan hrs update aplikasi dipake aja hampir tiap minggu,NEGATIF,,,
Dian Anggreni,Saya udah register nomer verifikasinya kok eror min9 digit ya?,NEGATIF,,,
Ardyan syah,"bagus, tapi masih ada bug kadang mencet pesan kamar malah loding terus hilang gtu terus hedeh mohon di perbaiki",NEGATIF,,,
Ria Lesmana Official,Harga nya benar2 murah dan sangat membantu dlm pemesanan tiket.,POSITIF,,,
Puspista Fajar,Terlalu sering update.....br kemarin di update sekarang update lg...gak asyik,NEGATIF,,,
Calvin Lie,Semua nya mahal. Agoda jauh lbh murah.heheehe,NEGATIF,,,
adityo laksseno,"Mau pesen di whiz hotel cilacap susah amat,ksh promo tp ga bs pesen.",NEGATIF,,,
Muhammad Syaroni,Registrasi saat masukan no.Hp gagal trus. Perbaiki lah !.,NEGATIF,,,
Rinest Tambayong,Pesen melalui teman ticket kereta api dapat discount...jadi tertarik download,POSITIF,,,
Ezra Noviani,Harus banget di update.. Nggak bisa update latter ck,NEGATIF,,,
Agnes Hutapea,Seringin diskon dong seperti yg lalu lalu.,NEGATIF,,,
Yusral Hendrianto,Belum ada travel untuk Bis seperti traveloka dan bonus yang lebih menarik,NEGATIF,,,
davit eben,"Jelek aplikasi nya ga bisa di buka,pembohong",NEGATIF,,,
W. Febri,Error aplikasinya. Promo tidak bs dibayar di alfamart,NEGATIF,,,
Rafly Arifudin,Gak ada tiket bis dikira di apk ini ada tiket bis nyata nya gak ada huft maaf ku uninstall lagi apk nya,NEGATIF,,,
subi yanto,Sangat membantu utk perjalanan kami,POSITIF,,,
Mulyato Notonegoro,"Keseringan update, klo diskon paling gede sih",NEGATIF,,,
Hanafi Santika,Mau verifikasi nomer aja susahnya minta ampun,NEGATIF,,,
Yunita Sekararum,Terus aja minta di update,NEGATIF,,,
Abdoel Sobur,Error minta update tapi gaada update di playstore,NEGATIF,,,
Setyo Victory Channel,lumayan lah...cuma agak ribet ordernya,POSITIF,,,
Dren Heartstar,"Taik lah,kode promo gak bisa dipake",NEGATIF,,,
Sudiyono Sastro,Pembayaran pakai internet banking BRI bisa gk,NEGATIF,,,
Anik Bengkulu,"Banyakin promonya dounk,jangan iklannya aja dibanyakin.Cuma kasi PHP doank..",NEGATIF,,,
indra gunawan,Terimakasih mister aladin.. promo ny bermanfaat sekali.suksed selalu buat misyer Aladin,POSITIF,,,
Fachri Putra,Promo tiket kereta api nya mantap !,POSITIF,,,
XQPROX GTP,Harga hotelnya hrs lbh murah dr yg lain,POSITIF,,,
jihan makaila,Buat yg paham ..aplikasi ini bagus,POSITIF,,,
Aggita Rossa,Aplikasi apaan ga bisa booking yang jauh,NEGATIF,,,
Siti Soleha,Baru jg download udah ada notif update aja ,NEGATIF,,,
Lina Sari,promox mantap...sukses buat mister aladin,POSITIF,,,
muhammad al azhar,Gak ada hotel dijakarta selatan payah,NEGATIF,,,
elsa rizky,Baru update seminggu..suruh update lagi,NEGATIF,,,
Wisnu Ramadhani,"mantap, banyak promonya..",POSITIF,,,
murtini sukarno,Mudah memesan,POSITIF,,,
Joey Sharma,Mantabs...mudah di gunakan,POSITIF,,,
didik sudarsono,Saya suka dan layanannya cepat,POSITIF,,,
Embe Dombabogor,Sangat memuaskan ,POSITIF,,,
Wisnu Wardana,Sangat membantu,POSITIF,,,
Satria Mukti,"Bagus, tingkatkan terus",POSITIF,,,
Indah Rindayani,"Bagus,puas dan benar",POSITIF,,,
Danang Pambudi,Aplikasi bagus n byk promo,POSITIF,,,
MJA ONLINE,Sangat membantu sekali,POSITIF,,,
Piconk UOZY,"Aplikasinya gak simple, parah susah. Seharusnya sistem aplikasinya buang semua. bikin yg baru aja, simple n gak ribet. Liat inovasi siatem tetangga sebelah. Jauh lebih menyenngkan utk beli tiket atau hotel",NEGATIF,,,
Hanah Nurbaeti,Banyak promo gede gedean,POSITIF,,,
Tuppence Win,"Sebenarnya paket-paket hotel yg ditawarkan dan diskonnya sgt menarik, sayang sistemnya belum bisa mengimbangi app lain, sy book hotel sdh transfer uang, tp di sistem mereka tdk masuk, butuh waktu 2 minggu lebih untuk refund dan mesti rajin2 follow up ke cs/travel assistance nya.. Semoga ke depan leb...Ulasan LengkapSebenarnya paket-paket hotel yg ditawarkan dan diskonnya sgt menarik, sayang sistemnya belum bisa mengimbangi app lain, sy book hotel sdh transfer uang, tp di sistem mereka tdk masuk, butuh waktu 2 minggu lebih untuk refund dan mesti rajin2 follow up ke cs/travel assistance nya.. Semoga ke depan lebih baik lagi. Terima kasih.",NEGATIF,,,
WBA SPEED READING JAMBI,Belum pernah coba diberi 4 dulu,NEGATIF,,,
Ivan Ferdiansyah,Pelayanan sangat baik,POSITIF,,,
edi supardiono,Tiga az dlu sering loading ah,NEGATIF,,,
wisnu mutiara,Disc kereta api nya mantab pake cc mnc,POSITIF,,,
Ririen Soemardji,Sangat memuaskan,POSITIF,,,
Vincentius Prima Baskoro,Banyak diskonya..mantap,POSITIF,,,
Samsuri Fryansyah,Kurang memuaskan,NEGATIF,,,
heru wahyudi,"Gampang bookingnya, gede discont nya",POSITIF,,,
annisa nisya,Aplikasi buruk dan mahal,NEGATIF,,,
Yeni Fusfadewi,Sangat membantu,POSITIF,,,
anataya anataya,Promo.kurang menarik,NEGATIF,,,
Anita Suzie,Jangan sebentar2 update aplikasi,NEGATIF,,,
Dewi Etika,Diskon sangat bagus,POSITIF,,,
Arif Rakhman,"Kecewa sma aplikasinya, padahal udah pernah pake dan lancar g ada masalah pas yg kedua kali pake malah bkin kecewa, ""kronologi beli tiket k sby lwt aplikasi dan bayar lewat alfamart, dari alfamart keterangan transaksi berhasil tpi d mr aladin malah failed, udah kirim bukti struk alfa.a dan d suruh n...Ulasan LengkapKecewa sma aplikasinya, padahal udah pernah pake dan lancar g ada masalah pas yg kedua kali pake malah bkin kecewa, ""kronologi beli tiket k sby lwt aplikasi dan bayar lewat alfamart, dari alfamart keterangan transaksi berhasil tpi d mr aladin malah failed, udah kirim bukti struk alfa.a dan d suruh nunggu trus tanpa ada kepastian"", fix w kecewa duit w melayang mending pke aplikasi seblah g ada diskon tpi aman dri masalah bginian, makasih",NEGATIF,,,
Azzam Mushab,Saya mau pesen htl Saya g tau klau yg saya pesen tgl 8 saya mau pesen tgl 7 biasany klau aplikasi lain langsung pas tanggal ny kita g usah ganti saya langsung booking ini jebakan kayanya..mau d batalin g bis klau aplikasi lain bisa d potong berapa persen,NEGATIF,,,
Benni Dektus,"benarkah. tidak. ada. uang. , tidak. ada. Mr. aladin. lalu. berapa. rupiah. ongkosnya.",NEGATIF,,,
ifulz cipuluz,Kadang susah memboking....,NEGATIF,,,
Er Glorita,banyakkan harga promo,NEGATIF,,,
Diah Purbo,Diskonnya sih beneran gede banget tp mbayarnya kok ga bisa via VA M-BCA.. jadi harus ke Indomaret apa Alfamart dgn selisih waktu yg sangat mepet hanya setengah jam saja..kepontal2 jadinya..Tolong deh dipermudah untuk pembayarannya biar bisa VA BCA juga.,NEGATIF,,,
Eko Budi santoso,membantu sekali,POSITIF,,,
Alfari Rigen,"Min knp sy mau cari jadwal/tiket kereta selalu muncul ""Rute tidak tersedia"" padahal jelas² rutenya ada di app KAI, internet juga oke g lemot² amat. Solusi? sy sdh coba hpus data ttp saja",NEGATIF,,,
Indra Wijaya,"Waktu itu lagi liburan ke bandung dan coba booking hotel, setelah booking ternyata ada suatu kendala.. complaint pun terjadi, tapi pihak Mister Aladin dengan sabar membantu dan memberikan solusi untuk masalah saya.. Kamar saya pun di alokasikan dan di upgrade gratis.. thank you so much for ur effort...Ulasan LengkapWaktu itu lagi liburan ke bandung dan coba booking hotel, setelah booking ternyata ada suatu kendala.. complaint pun terjadi, tapi pihak Mister Aladin dengan sabar membantu dan memberikan solusi untuk masalah saya.. Kamar saya pun di alokasikan dan di upgrade gratis.. thank you so much for ur effort Mister Aladin.. Saya benar2 mengapresiasi pelayanan kalian terhadap customer ",POSITIF,,,
AF log aluna,Kecewa.. krn konfirmasi kode booking d email dan d aplikasi beda.. hrs ny d samakan krn ga smua org mengerti untuk buka email.. kn pk aplikasi jd sy lihat d aplikasi..pas d stasiun kode tdk bs dpke pdhl wkt mepet.. alhasil beli tiket lgsg d stasiun..komplen k cs..hangus..jd merugikan..tolong dperbai...Ulasan LengkapKecewa.. krn konfirmasi kode booking d email dan d aplikasi beda.. hrs ny d samakan krn ga smua org mengerti untuk buka email.. kn pk aplikasi jd sy lihat d aplikasi..pas d stasiun kode tdk bs dpke pdhl wkt mepet.. alhasil beli tiket lgsg d stasiun..komplen k cs..hangus..jd merugikan..tolong dperbaiki..hrs sesuai antara email dan aplikasi..     ,NEGATIF,,,
Arif Yulia,"Yah mister dah miskin ya.? Dah gk ada lg diskon kretany. Padahal bisa membantu kita"" yg PJKA.",NEGATIF,,,
Arif Nayla,Promony paling top  ,POSITIF,,,
Indry Yanie,Diskon nya beneran  ,POSITIF,,,
septian,terimakasih misteraladin diskon tiket kereta nya 20% .. walaupun saya uninstal lagi karena memory penuh.. tapi saya tetap rekomendasikan ke teman2 saya aplikasi mister aladin paling baik.. banyak diskonnya.. .. nanti saya instal lagi kalo beli tiket.. dan saya sudah bantu menyebarkan alikasi ini di ...Ulasan Lengkapterimakasih misteraladin diskon tiket kereta nya 20% .. walaupun saya uninstal lagi karena memory penuh.. tapi saya tetap rekomendasikan ke teman2 saya aplikasi mister aladin paling baik.. banyak diskonnya.. .. nanti saya instal lagi kalo beli tiket.. dan saya sudah bantu menyebarkan alikasi ini di medsos,POSITIF,,,
yosef hermawandi,"pengalaman pertama saya buruk banget pake mister aladin, dengan alasan tidak sinkron dengan PT. KAI , apa maksudnya pembayaran lwat virtual accoun tapi waktu hangus pdahal baru beberapa menit.",NEGATIF,,,
ardi bahru,Mr.aladin sekarang pelit diskon tidak seperti dulu dulu diskon ny bisa sampai Rp150k untuk tiket kereta api. Sekarang pelit gak ada beda ny dengan aplikasi travel kebanyakan.. payah,NEGATIF,,,
Andresa Syah,Saya registrasi kok nggak bisa? Pencet angka nya sampai 5 menit malah nggak bisa di aplikasi nya? Udah saya mnta kode baru juga nggak bisa di pencet angka nya?,NEGATIF,,,
Indri humairo,"percuma diadain promo besar2an juga, pas mau bayar ke alfa transaksi eror terus, padahal transaksi nya tepat waktu sebelum batas yang ditentukan ribet..sekali jauh sekali dengan aplikasi sebelah t*****ka sangat mudah dan cepat pembayaran nya juga bisa lewat virtual BRI. tolonglah diperbaiki lagi, pe...Ulasan Lengkappercuma diadain promo besar2an juga, pas mau bayar ke alfa transaksi eror terus, padahal transaksi nya tepat waktu sebelum batas yang ditentukan ribet..sekali jauh sekali dengan aplikasi sebelah t*****ka sangat mudah dan cepat pembayaran nya juga bisa lewat virtual BRI. tolonglah diperbaiki lagi, percuma aja ada diskon juga kalo fasilitasnya masih kurang. asli kecewa.. maaf terpaksa saya balik lagi ke aplikasi yang sangat mudah dan cepat t******ka",NEGATIF,,,
novitha fanani,"baru kali ini pakai aplikasi seburuk ini, pesen tiket KAI masa pakai datanya yg di masukin tiba tiba berubahbpake nama email. terus pas di cetak tiketnya gak ada no NIK kalau pakai aplikasi tetangga mah selalu bener dan gak pernah ada kendala. jangan pernah tergiur dengan promo.",NEGATIF,,,
atlantik maju jaya,"soal tiket.. gak ada tanggung jawabnya: saya ada bookingan utk bsok.. saya sudah bayar via transfer.. penjelasannya di transaksi di bank sudah melakukan pembayaran.jadi tiket gak di kirim.. sesudah itu saya telp ke pihak Mister.. terkesan kasar kali... seperti org gak ada tanggung jawab"" mohon kalo ...Ulasan Lengkapsoal tiket.. gak ada tanggung jawabnya: saya ada bookingan utk bsok.. saya sudah bayar via transfer.. penjelasannya di transaksi di bank sudah melakukan pembayaran.jadi tiket gak di kirim.. sesudah itu saya telp ke pihak Mister.. terkesan kasar kali... seperti org gak ada tanggung jawab"" mohon kalo di mao maju perusahaan tersebut pekerjaan org yg lebih sopan dalam tuturnya.. atau di kasih belajar dolo... terimma kasih",NEGATIF,,,
rida kusardianto,mantap promonya,POSITIF,,,
Denny Saputra,"Iya nih booking hotel juga kok error, abis update aplikasi malah hang . . . Pas klik lihat detail juga hang . . . .",NEGATIF,,,
tony warnando,Situs ini khusus booking hotel bisa menyesatkan anda. Hotel yg berlokasi di kota lain di sumatera barat di tampilkan di kota padang. padahal hotel tersebut bisa sampai 150 km dr kota Padang. Hati hati. Mohon perbaiki Mister Aladin. Jika tidak update tidak bisa di pakai lagi. kesimpulan : bye aladin,NEGATIF,,,
de e,"Asisten saya baik bgt deh kalo kita nanya dia pasti jawab meskipun ada di tiket dan saya tidak paham dia pasti jawab walaupun itu hal sepele juga, terima kasih mister aladin atas pelayanan yang nyaman dan memudahkan kita apalagi fitur asisten pribadinya ",POSITIF,,,
Fina Sinta,"ya emang sekarang lgi jamannya tiket mahal..tpi knp sii kok mahal,,dulu perasaan nggk deh..aku kan mau berangkat mondok jdi ke undur..rumah ku jauh loo..kasian dong pemerintah...tolong di jawab deh min..jdi curhat kan aku..salah low membuat hati anak yg mau mencari ilmu di halang2 halangi dgn tiket ...Ulasan Lengkapya emang sekarang lgi jamannya tiket mahal..tpi knp sii kok mahal,,dulu perasaan nggk deh..aku kan mau berangkat mondok jdi ke undur..rumah ku jauh loo..kasian dong pemerintah...tolong di jawab deh min..jdi curhat kan aku..salah low membuat hati anak yg mau mencari ilmu di halang2 halangi dgn tiket mahal",NEGATIF,,,
Pendekar Angin,"promonya bagus dan menarik tapi aplikasi ga user friendly, buka tab baru buat kopi identitas kembali ke tab mister (jeda agak lama) data sudah g ada, kehilangan peluang tiket pula. kalo mmg ada jangka waktu utk mengisi data plis dkasih notice. biar aware. ni masalah developer yang kurang tes ke pela...Ulasan Lengkappromonya bagus dan menarik tapi aplikasi ga user friendly, buka tab baru buat kopi identitas kembali ke tab mister (jeda agak lama) data sudah g ada, kehilangan peluang tiket pula. kalo mmg ada jangka waktu utk mengisi data plis dkasih notice. biar aware. ni masalah developer yang kurang tes ke pelanggan.",NEGATIF,,,
Azizah Abdullah Alaydrus,Mohon ketersediaan waktu untuk pembelian tiket pesawat domestic sampai 3 jam dari jam keberangkatan. Terimakasih.,NEGATIF,,,
Pengguna Google,Sangat lambat dalam proses pemesanan tiket pesawat juga kadang harga tidak tidak tampil yg termurah. mhon tingkatkan kualitas kecepatan server..soal harga? ? Saya suka karna murah dan lebih sering dapat promo,NEGATIF,,,
Sri Pur,"aplikasi ini sangat bagus.... Mohon Mister aladin untuk Promo diskon Ticket kereta 200Ribu tolong di adakan kembali, Karena saya belum pernah nyoba, untuk Lebaran nih hehe Mntap Caur, apakah Pembayaran Bisa melalui Via Alfamart atau indomaret ?",POSITIF,,,
indi indi,diskon keretanya hanya dibatasi satu kali doang?????.. padahal kan sering bolak balik…,NEGATIF,,,
Pricillia Dewi Mega,Sangat bermanfaat bagi pengguna kereta api karena diskon yang diberikan paling besar di antara aplikasi lain tanpa syarat yang menyulitkan ataupun batas transaksi yang terlalu besar. Selama ini juga tidak ada masalah dalam penggunaan aplikasi. Metode pembayaran sekarang juga bermacam-macam bank,POSITIF,,,
Pengguna Google,"Kecewa dgn mister aladin, kamar hotel yg sdh di bayar gak bisa confirm. Alasan nya kamar yg di sediakan sdh habis.Pdhal sdh pembayaran.Kemudian cs telp akan nge refund paling lama 1x24 jam. Realitanya sy hrs menunggu 3 hari agar dananya kembali. Buat mister aladin tlg systemnya diperbaiki.Agar custo...Ulasan LengkapKecewa dgn mister aladin, kamar hotel yg sdh di bayar gak bisa confirm. Alasan nya kamar yg di sediakan sdh habis.Pdhal sdh pembayaran.Kemudian cs telp akan nge refund paling lama 1x24 jam. Realitanya sy hrs menunggu 3 hari agar dananya kembali. Buat mister aladin tlg systemnya diperbaiki.Agar customer gak kecewa.",NEGATIF,,,
MAGDALENA CUMBI,"voucher hotel non refundable ..saya paham ,saya tidak minta uang kembali, tapi saya minta tolong rescedhule. kok tidak bisa. reschedule kan bukan minta uang kembali. aduh tolong buat aturan jelas dong",NEGATIF,,,
syahrul ikhsan,"aplikasinya oke.. lancar ga ada iklan ngeganggu.. pelayanan yang sangat sempurna (baik & fast respon) ditambah diskon diskon yg oke .... pokoknya gue rekomendasiin nih apk... tapi jadi note aja buat yg mau pesen kereta, waktu pembayaran cuma dikasih 50 menit aja.. jadi harus cepet cepet dilunasin...",POSITIF,,,
Lina Wijaya,"Dulu gampang banget dapet promo tiket kereta di misteraladin,sekarang jarang promo,ada promo pun harus pake CC tertentu ",NEGATIF,,,
Pengguna Google,"Sangan memuaskan, apalagi dengan fitur my personal assistant yang sangat membantu. Kalau ada kekeliruan pun langsung cepat di tanggapi oleh pihak mister aladin, top bgt deh pokoknya ",POSITIF,,,
Fauzi Rahman,Coba metode pembayaran d tambah dengan pembayaran cash biar yang ga punya atm atau yang ga ngerti transfer transfer bisa cekin,NEGATIF,,,
Afif Hassan,"Susah pemesanan nya, sudah masuk ke metode pembayaran, eh tetiba hilang proses nya...",NEGATIF,,,
Adham Zhan,Diskonnya sangat membantu saya... karena saya sering bepergian mengunakan kereta api antar provinsi... terima kasih mister,POSITIF,,,
Yogi Pratama,Baik nih bro saya suka bisa bayar tiket di alfa gak kaya apk sebeleh  gua suka gua kasih rate bintang 5 nih,POSITIF,,,
Weldha Novita A,Kecewa metode pembayarannya dibuat susah. Ga niat berbagi dalam rangka ultahnya! Coba kalo bisa dengan transfer bank. Dua kali dapet harga hotel 99 ribu tapi yasudahlah numpang lewat saja.,NEGATIF,,,
wini then,jangan di instal pasti nyesel. mister aladin berkerja sma dg hotel untuk menipu para pembooking hotel tidak sesuai gambar yg di tampilkan mister aladin. saya komplain malah mister aladin tidak bisa bantu memamg sudah kerjasama untuk menipu. kecewa booking disini. jangan sampai pada jadi korban kaya ...Ulasan Lengkapjangan di instal pasti nyesel. mister aladin berkerja sma dg hotel untuk menipu para pembooking hotel tidak sesuai gambar yg di tampilkan mister aladin. saya komplain malah mister aladin tidak bisa bantu memamg sudah kerjasama untuk menipu. kecewa booking disini. jangan sampai pada jadi korban kaya gini . saya saja langsung uninsal,NEGATIF,,,
pemusnah,saya pribadi sebagai agen travel jengkel bin kesal dengan aplikasi mister aladin ini.. ceritnya ada org yg mau pesan tiket rute LOP-TJQ di aplikasi harganya 1.276.000 saya dan pembeli deal dengan harga segitu setelah sampai di menu pembayaran malah di naikin menjadi 1.418.000..sebagai agen yg jujur ...Ulasan Lengkapsaya pribadi sebagai agen travel jengkel bin kesal dengan aplikasi mister aladin ini.. ceritnya ada org yg mau pesan tiket rute LOP-TJQ di aplikasi harganya 1.276.000 saya dan pembeli deal dengan harga segitu setelah sampai di menu pembayaran malah di naikin menjadi 1.418.000..sebagai agen yg jujur saya ttp bertanggung jawab dan rugi hampir 150rb.. dgn hati kesal saya booking tiket lewat aplikasi sebelah dgn promo yg lbih besar untuk meminimalisir kerugian saya.. sudah promo pas-pasan mntok 50k,NEGATIF,,,
Mas Hendi,"diskon kereta api jadi cuma 15% dulu 20% malah terkadang gk ada sama sekali, gk rame ah turun bintang 2 skrng",NEGATIF,,,
Dinni Diah Rodiah,Banyak promo yg besar sehingga liburan bisa booking hotel yg diidamkan dengan discont...,POSITIF,,,
Nuansa Hijau,lebih murah ... lebih cepat n tanpa ada biaya embel2... keyennn dehh..,POSITIF,,,
arjuna ireng,Sangat membantu... Dan discountnya kereeen banget.. Beda dari app yang lain....,POSITIF,,,
Yaserita Achiro,"Best booking hotel aps. Murah, sering ada deal jadi dpt harga extra murah. Terus yg paling top cust servicenya bs lewat chat, jadi gak perlu telp, dan responsif juga.",POSITIF,,,
ferry wijaya,"saya rencana mau pesan hotel, tapi begitu liat lokasi tempat hotel dan sy klik petanya di aplikasi tidak terlihat dengan jelas dimana lokasi hotel jadi sangat membingungkan. lalu untuk dekripsi hotel juga ga lengkap, apa saja yg customer akan dapatkan saat memesan suatu kamar hotel. (akhirnya sy bat...Ulasan Lengkapsaya rencana mau pesan hotel, tapi begitu liat lokasi tempat hotel dan sy klik petanya di aplikasi tidak terlihat dengan jelas dimana lokasi hotel jadi sangat membingungkan. lalu untuk dekripsi hotel juga ga lengkap, apa saja yg customer akan dapatkan saat memesan suatu kamar hotel. (akhirnya sy batal untuk memesan hotel disini dan pergi ke tetangga sebelah, mungkin lain waktu akan pesan dimari) untuk promo sy liat mmg cukup bagus. diskon lebih besar dari aplikasi travel yg lain.",POSITIF,,,
Muhsin Mukiman,terimakasih mister aladin akhirnya saya dapet tiket lebaran,POSITIF,,,
ade irwanto ade irwanto,Kalo bisa tiket bis luar kota ada seperti sinar jaya pahala kencana Lorena DLL,NEGATIF,,,
Heni Chaniago,No comment. Really Disappointed ! sudah booking hotel. masa vouchernya tidak terbit. untung saya hubungi hotel nya sebelum tanggal booking. kalau ga ludes uang gw. kamar pun bisa full. parah ! harga mahal pula.,NEGATIF,,,
Poetra Den,Kemarin ketinggalan pesawat. Dr pihak mister aladdin tidak ada biaya refund lg karena terkena admin. Padahal 10% masih ada. Memangny tidak ada ktentuanny.?,NEGATIF,,,
kris tanto,Diskonya mantap min makasi sekedar saran min kalo ada diskon juga wahana wisata nusantaranya juga min biar tambah mantap...,POSITIF,,,
andi Jus,Makasih atas bantuanya..cari hotel jd lbh mudah dan murah Discount blm dapet nih,POSITIF,,,
WIDYA PERTIWI,Diskon nya kereeeennn cocok buat yang sering mondar mandir luar kota buat biztrip . . .,POSITIF,,,
Cuang Alang,Hallo kok pernerbang ke luar negeri kok ngk ada aplikasi kuno ya,NEGATIF,,,
gusti bayu,"saya baru mau nyoba voucher mr aladin dari samsung gift, tapi keterangannya VOUCHER ANDA TIDAK VALID, padahal baru aja diambil, gmna jadi min ??? kalo udah di perbaiki saya bikin bintang 5 min",NEGATIF,,,
Prame Swara,Booking tiket ka gagal terus males mau dowload mau kau kasih tiket ka gratis pun gak ada artinya kalau gak bisa pesen,NEGATIF,,,
Felisha Aris,di tambahin promonya donk. semakin menjadi pelanggan semakin ga bisa di pakai promo2 nya. dulunya promo selalu bisa di pakai berkali2. tp sejak berlangganan dan dikasih review bintang 5 malah. semakin PELIT PROMO.   ,NEGATIF,,,
Aenur Rohmah,"aplikasi macam apa ini, gak bisa signin. telp callcenter (cwok,suara berat) juga jawabannya gak menyenangkan. nada terlalu meremehkan. langsung uninstal aja.",NEGATIF,,,
ROOKIE GAMING,"intinya kapok pake aplikasi ini ,saya lupa karena tidak lihat terlebih dahulu jumlah download/pengguna ,dan proses refund lama 7-14 hari tidak terhitung hari libur",NEGATIF,,,
Yudi Wahyudi,"Sangat mudah mendapatkan info transportasi baik jadwal, jumlah kursi dan harganya juga tempat wisata dan tujuan dengan berbagai kemudahannya disajikan dengan lengkap,cepat dan tepat ,semoga terus dipertahankan dan selalu berusaha untuk meningkatkan terus semuanya, oke sukses selalu.",POSITIF,,,
Narasya Channel,Katanya murah!??? Masih murah sama aplikasi sebelah  ,NEGATIF,,,
rusdi duila doel,"Aku suka sengan mister aladin, soalnya banyak promonya.",POSITIF,,,
ponco kusnandar,"dibanding yg lain, mister aladin lah yg paling banyak kasih diskon, cuma untuk pembayarannya tolong disediakan virtual account untuk bank bca jg, jd gk perlu ke atm",NEGATIF,,,
Heri Andi,Responnya asisten chat nya lama . Ketika mau chekout tiket tidak ad no rekening nya....metode bayarnya dkkirim ke email tp sampe ad 1 jam lebih nunggu gk ad email metode pembayarannua,NEGATIF,,,
Dolah Haddad,Mantappp bangetttt aplikasinya Banyak promonya dan diskonnya besar banget dehh GOOD... kalau bisa banyakin lagi metode pembayarannya biar lebih gampang khususnya di pembayaran tiket kereta... karena cuman sedikit...,POSITIF,,,
Pengguna Google,"Pesan hotel dan tiket pesawat murah, cuma untuk booking hotel di tambahin menu jumlah tamu yang menginap, dewasa dan anak-anak, seperti aplikasi yang lainnya aq**a, dll. ditunggu tambahan menu nya, thx",POSITIF,,,
Pengguna Google,"Saya , baru kali ini book di mister ald. Tapi pengalam pertama saya gatot/gagal total masa iyaa asistent yg kta nya 24 jm melayani pas bagian saya suruh booking tiket peswt+hotel+jemputan bandaraaa diaaaaaa gaa respooonn . Tolong lahh kebijakn nya hrga sih okee cuma bingung nya itu dalam apk nya",NEGATIF,,,
Dewi Yanti,"Kenapa memaksa update, kalau engga update TDK bisa masuk",NEGATIF,,,
Yusuf Xperianz1,"jiancuk ni aplikasi, login via apapun gagal. buangsat asu habisin waktu berharga saya demi login ni aplikasi. cok",NEGATIF,,,
Koko Andrianto,"Bagus, promo jg banyak. Tapi cm metode pembayaranya yg kurang, kenapa gak ada klik bca? m bca? virtual akun bca? pasti banyak yg pake bca dsini. makasih.",POSITIF,,,
ROG KYT,CS nya bekerja dengan baik dan juga banyak promonya . Thank you mister aladin,POSITIF,,,
Desty Bregita,Sudh gak ada promo tiket kereta sekarang padahal itu yg bikin mr aladin pling murh diskon tiketnya. Auto uninstal ,NEGATIF,,,
Merlyn Mobile Lagend Lucu,Kesal banget tiap x ada promo di bk ssh amiiir aplikasi nya gimn sich mister aladin tlng dong aplikasi nya kyk di setel aja smpai ga bs dpt promo nya pd hal paket data bgs jg wifi pun msh aja ga bs di bk2...???,NEGATIF,,,
Rezti ms,Di web dan di Apl tidak sesuai. Lebik baik yg di web. Tapi harus menunggu proses yg agak sedikit lambat. Tolong ditingkatkan,NEGATIF,,,
kekepro msykeyla,"assalamualaikum wah... bagus banget lihat murah-murah han saya suka tapi bisa pergi ke mana saja kaka ku gak pernah ke musim salju hmmm.. , tapi... aku pake saja bank klik , terima kasih y @mister aladin ",POSITIF,,,
Sofyan Ardy,Diskon nya luar biasa mantap....serba murah dan gampang akses nya di mister aladin . issued ticket malem2 plus depet diskon gede Banget . thank youu mister aladin.,POSITIF,,,
Alegrian 18plus,"Pembayaran sudah di transfer,begitu sampel hotel,sudah kamar sudah full,customer servicenya ditelpon pun sangat kurang sopan santun,sangat merugikan.",NEGATIF,,,
Vika Risnanita,"Kenapa total pembayaran di applikasi dgn di email beda,, di apllikasi uda terpotong diskon tp di email blm terpotong Yg bener yg mana..membingungkan",NEGATIF,,,
Carlos Matarau,"Bagus apalagi promonya banyak dan dapat potongan yg lumayan, tapi tolong ditambahkan metode pembayaran seperti transfer atau atm dengan menggunakan pilihan bank lain lagi. Tks",POSITIF,,,
Kus Hariyono,"bayar pkai virtual account selalu bill kadaluarsa, padahal baru aja isi data boking. uda dicoba bbrp x, selama 2 hari jg hasilny Tetap sama.. tlong dong perbaiki kuaitasny",NEGATIF,,,
Neng Langsing Suise,"Kode.promo.kepanjangan, sulit.dihafal, sehingga harus dicatat.dulu atau bolak balik.lihat lagi Mohon disederhanakan",NEGATIF,,,
susan arianti,"Sangat mudah dan cepat, sisyem pembayaran pun banyak",POSITIF,,,
FSDRRF CILIK,Kok destinasi arrival nya makassar kok gak ada padahal udah ketulis aku juga udah tulis sultan hasanuddin masih belum juga tolong diperbaiki dong,NEGATIF,,,
Yustinus Sitorus,"Mohon bantuannya, kenapa saya tidak bisa di konfirmasi utk memasukkan identitas penumpang?",NEGATIF,,,
Galih Fera Dhuwi Rahayu,"Harga mahal masih kalah jauh sama aplikasi yg lain,,",NEGATIF,,,
mulia nurihwani,"adain pembayaran via virtual account dong biar lebih oke, kalau byr nya ke ATM bersama ada biaya admin bank lagi belom hrs ke atm, bayar parkir dan boros bensin  ",NEGATIF,,,
Maya Ringgala,"langsung kasih 5 bintang walau belum pesan...mr aladin tolong dongk kasih saya diskon kamar untuk bulan maret , mau ngehadirin adik nikah. pas lagi bokek, pas tunjangan belum keluar",NEGATIF,,,
Dot Drink,"Mantap, menerima saran dan kritik, dan pengananya sangat cepat, oke hbs, gk rugi meutamakan app ini diatas dri yg lain",POSITIF,,,
Sabirin Hameh,Tentang berita sea game 2019 filiphina.,POSITIF,,,
Azis Maulana,"Apps terbaik untuk tiket dan hotel, namun sayang metode pemabayarannya, tidak banyak. mohon untuk di perluas metode pembayarannya.",POSITIF,,,
Boss Oke,"Promo voucher discount penerbangan nggak bisa digunakan, ""Not Active"". Proses refund juga agak ribet, tidak seperti di Tra****, menu nya lebih lengkap",NEGATIF,,,
Pengguna Google,"buruk buruk buruk sama sekali loading lama, tidak bisa klik pesan baik tiket pesawat, hotel, kereta api... mending aplaksi tetangga cepat, loading ga telmi,",NEGATIF,,,
Arjuniwan Brahmana,"Kenapa ga bisa pesan tiket kereta api lagi ya?? Baru juga minggu kemarin pesan,aman2 saja... Tolong dong..",NEGATIF,,,
Novita Kusumawati,"buat booking tiket kereta api gabisa2, tpi buat booking hotel lbih gampang",NEGATIF,,,
Linda Maulana,Pergi Ke Citra Grand City.,POSITIF,,,
Ahmad kamal,"memudahka mencari tiket, baik tiket pesawat, tiket kereta, voucher hotel. Dan yang pasti diskonnya gede.",POSITIF,,,
imam kharomen,aplikasi yg menipu.sdh bayar dan tranfer pada hari H hotel tdk meras di pesan dari mister aladin.pdhl semua hotel penuh akhirnya batal berlibur dgn keluarga....,NEGATIF,,,
Agus Tri Yulianto,"Kenapa sekarang untuk cek tiket kereta bulan september tidak bisa? Rute tidak tersedia,padahal lewat aplikasi sebelah bisa",NEGATIF,,,
Meri Sembiring,"Banyak diskonnya, cs-nya sangat membantu tq mr. Aladin",POSITIF,,,
Rendy Bros Tito,"3 bintang dulu. kalau diskon 20% untuk kereta apinya sudah tanpa minimal transaksi, nanti baru 5 bintang.",NEGATIF,,,
Soedarman Sudarman,Cukup mudah untuk memesan tiket di mister Aladin,POSITIF,,,
Utama Utama,promo diskonnya selalu ada dab booking tiket lion air di krm tiket aslinya dr maskapainya dan saran sy alangkah lebih baik lg kalau booking tiket pswt semua maskapai juga mengirimkan tiketnya ke alamat email si pembooking salam sukses misteraladin,POSITIF,,,
yaniheryanto 115,"sangat membantu, dengan tiket yang sangat murah dan komunikasi yang sangat cepat antara adm dan pelanggan.. tank's you mister aladin...",POSITIF,,,
Pengguna Google,tolong untuk perbaiki lagi apl karna saya sama sekali tidak bisa sign in apalagi untuk memesan sungguh tidak nyaman sekali bila seperti ini terus,NEGATIF,,,
Diana Official,"kecewa , pertama x pesan hotel dsini liburan dgn kluarga pesan 2 kamar tapi koq 1 kamar tdk ada katanya minta refund jg responnya lama banget tolong dong di refund semuanya",NEGATIF,,,
Denson Limbong,"Aplikasi asal jadi, sudah gps aktif, ketik tempat, masih saja ga nemu hotelnya. Ga malu apa developer aplikasi ini, dengan hasil begini?",NEGATIF,,,
Fhaaro Mitha,"dri tadi buat nyari tiket kereta lemotnya bukan main. gk jalan2 malah. padahal internet saya lagi kenceng2 aja. dicoba buat buka yutub, ig, chrome. juga kenceng2",NEGATIF,,,
Adam Ferdyanto Sinatria,"mantap mister aladin paling topp dibandingkan aplikasi lain, diskon tiket kereta gede bgt !! tingkatkan selalu mister aladin !!",POSITIF,,,
Gery2 Liem,Promo tiket pesawat domestikx sdh tdk ada lagi.,NEGATIF,,,
mujiyono Yono,Layananya Bagus Sy pesan tiket Kereta Mudah dan Murah The Best Mister Aladin,POSITIF,,,
Pengguna Google,Saya pesen tiket kereta api .. sudah isi data penumpang.. tinggal pembayaran..tapi TIDAK BISA,NEGATIF,,,
Dewi Masyitoh,untuk sistem pembayaran nya tolong dipermudah untuk no rekening mungkin bisa ditambahkan bank BRI,NEGATIF,,,
Bolan Aryaldi,Lebih mudah booking nya dan banyak pilihan nya,POSITIF,,,
Ninik Inda yati,sya kira ada tiket kapal jga... tpi gk ada ya .. syang skali  ,NEGATIF,,,
Irfan Bagaskara,"Jembut, bayar pakai ovo gabisa, pas mau bayar tiba2 aplikasi berhenti, terus bayar di alfamart code gagal terus. kontol",NEGATIF,,,
Fitriah Fitriah,"Sumpah kesel banget dah mau pesan tiket pesawat pas udh ngisi identitas, gk bsa di lanjutkan,",NEGATIF,,,
ananda rahma dini,"terima kasih mister aladin, promo tiket kereta nya sangat berguna",POSITIF,,,
UWA JOJON,Untuk pembelian tiket kereta dah gak ada potongan   ,NEGATIF,,,
Pengguna Google,"Busettt Loading nya lama banget ga sama sebelah, tolong dong di perbaiki, kalo begini biar promo nya gede tp ga bisa di gunakan, Skali lg tolong di perbaiki",NEGATIF,,,
rezki pratama putra,"mohon di tingkatkan untuk app nya, biar kalo lg buka app lain ttp berada di halaman trakhir kita buka app mr aladinnya sering bgt ngulang k home lg",NEGATIF,,,
Frando Manik,setiap beli tiket pesawat selalu dari mister aladin. karna potongan promonya lumayan dari pada yg lain. mister aladin mantap...,POSITIF,,,
Shofi Retno,Cari diakonan pas tanggal 30 okt kok gak nemu nemu  ,NEGATIF,,,
aggnaro sp,"harga paling murah karena ada diskon2 jauhhhhh murah dr pda traveloka apalagi agoda dan banyak ketersediaan kamar disaat app lain ud full disini masih ada dan harga miring bgt,good job",POSITIF,,,
Rizki Restiawan,tidak bisa di pakai. sayangnya mister aladin telah berhenti !,NEGATIF,,,
HAN DITTO,discount nya gede sih...tp cm bisa di pake sekali doang jd gak asyik...gak bisa tiap hari dapat discount lg..payah...satu bintang buat mister…,NEGATIF,,,
Puphey Yudisti,cs terlalu slow respon.. tolong di baca email dari customer donk.. .,NEGATIF,,,
Aldi Trisnawadi,promo tidak bisa dibayarkan melalui transfer tai lah! yang kaya semakin kaya dan semakin enak di manjain semuanya!,NEGATIF,,,
prista agung,"masih kalah sm smua aplikasi booking pesawat dan hotel lain, kasi promo kok setengah2, lucu",NEGATIF,,,
Siapa saja Boleh lah,Ada yang udah pernah pesen tiket disini belom? Emang bener ya lebih murah??? Liat d iklan sih baru mau instal heheh semogaan aja bener dan ga ribet,NEGATIF,,,
Karya Adhie,"saya kecewa,pembelian kamar saya yg 1 gk masuk,sudah bayar 2 tp cm masuk 1",NEGATIF,,,
Fendi Riyanto,Semoga makin banyak promo diskonnya...,NEGATIF,,,
Zaldy Muhadin,bagus.. tpi tolong sistem pembayarannya di sediakan trasnfer via m bangking dgn rek virtual dong.. repot saya klo ke atm mulu..,POSITIF,,,
Gatot Trisantoso,"udah dcerewetin masih aja mau bls""n nih mister.   coba dong disc hotel'a berlaku untuk pembayaran d'alfamart (mini market). pokoke mantep betull dahhh      ",NEGATIF,,,
orelane video,kecewa sama mister aladin tidak berani menaikkan promo seeprti aplikasi sebelah..dari dulu cuma 50k untuk maskapai LION..tolong di perbanyak promo untuk tiket pesawatnya,NEGATIF,,,
Dessy Christina S,"Ga bisa login, responnya cuma muncul tulisan 500 pas mau masukin lagi harus nunggu sejam?  ",NEGATIF,,,
Edwar Pekanbaru,"harga ga update.. di travrloka jkrta -pekanbaru udah ada yg 800 ribuan.. mr aladin masih diatas 1,1 smua penerbangan.. sueeee.....",NEGATIF,,,
Testimonial Cataluna,akan lebih baik jika metode pembayaran ATM tersedia tuk semua transaksi.,NEGATIF,,,
Rama Dian,Sudah berlangganan.....,POSITIF,,,
sony aprizal,"very good, discount hotel dari app dan discount hotel dari voucher ,mister semoga sukses ya",POSITIF,,,
Pengguna Google,"Mister aladin koplak, Masak gk ada layanan jodoh, Aladin kan serba bisa dan bisa mengabulkan sgala permintaan, Ap gue salah mantra ya, pas buka aplikasi,.",NEGATIF,,,
Sultan Sasmita,"mantap, semoga tambah banyak promonya",POSITIF,,,
Sapto Maulana,"sangat membantu dan mudah dijelajahi,, tidak seperti aplikasi sebelah yg tanggalnya ready setelah dipesan ternyata penuh.",POSITIF,,,
Tri Tri,Sangat bagus d gunakan dan cepat tanggap kalo ad masalh tau pun keluhan pelanggan,POSITIF,,,
Wahyu Allamy,Kapan Mister Aladin pakai pembayaran virtual account BCA? Itu aja kekurangannya menurut saya..,NEGATIF,,,
felix kurniawidi,Sangat membantu dlm pemesanan hotel banyak diskonnya,POSITIF,,,
Mikha Romasty,bbrp kali cek penerbangan....selalu penerbangan tidak tersedia....masa sehhhhh.!!!uda diubah2 tgl juga...,NEGATIF,,,
Armand Syahrul,murah dari mana sama aja mahal...payah neh aplikasi...di remove lagi aja deh,NEGATIF,,,
munawar almansur,saya berhasil install dan saya suka dengan promo tiket kereta april yg mantulll...,POSITIF,,,
bayu artiyanto,Aplikasi sdh bagus.. Mohon ditambahkan fitur utk pemesanan tiket pesawat & reservasi hotel internasional,POSITIF,,,
eko Wahyu sardiyanto,Perbanyak promo - promo akan jauhh lbh baik,POSITIF,,,
David Scooter,"Aplikasi sangat bagus, sayang untuk tiket kapal laut Pelni & kapal Ferry tidak ada",POSITIF,,,
Ari Sandi Mana,"Payah, masa airport keberangkatan domestik cuma ada 10?",NEGATIF,,,
Khalida Kumalasari,Sangat menguntungkan dan bermanfaat karena ada diskonnya! dan aplikasi juga userfriendly. terimakasih.,POSITIF,,,
sozo babystore,"kami sebagian driver pemasangan iklan mister Aladin dimobil kami 3bulan belum dibayar dengan naungan sticar, dengan alasan dari pihak sticar mister Aladin belum mbayar kepihak sticar...",NEGATIF,,,
hari setiawan,aplikasi tidak sesuai dengan kenyataan dihotel dan tidak bertanggung jawab atas kerugian pelanggan,NEGATIF,,,
Andika Syaputra,"Emang sudah terbukti tiket kereta di apk mister aladin emang paling murah, seblum pke apk mister aladin saya sering pesan tiket ka di Tr******A diskon nya msh besar di apk mister aladin.",POSITIF,,,
Urip Sandoyo,Gimana cara masukin kode promonya ya?,NEGATIF,,,
Pengguna Google,Bagus jadi enak dong kalo liburan pokoknya bagus deh yang gak download pasti nyesel pokoknya aplikasinya bagus,POSITIF,,,
Hayday Ayda,Saya terbantu karena bisa mendapat penginapan dengan harga murah namun kualitas oke,POSITIF,,,
Pengguna Google,Kenapa saya sdh transfer 2 juta lebih tpi malah tidak ada keluar nomor boking dn smua2nya apa saya dapat tipu?,NEGATIF,,,
Hafil Suryana,"sangat menguntungkan pakai Mister Aladin, Mantaf... diskonnya lebih besar dari yg lain",POSITIF,,,
FOCUESGAMINGPRO FOCUESGAMINGPRO,Meloding melulu....terlalu lama..eeh ga jadi2 kode bokingnya,NEGATIF,,,
erika juliani,tolong dong perbarui agar bs psen lebih dr 1 room hotel jdinya ga ribet2 hrs 2x transaksi,NEGATIF,,,
Republic Of Technology,diskonya besar...tapi kenapa aplikasinya berat untuk d jalankan login aja gagal terus,NEGATIF,,,
putri tulus hati,pesen tiket atau rencana liburan gampang bgt.. tp blum bisa pake m.banking.. hiks,NEGATIF,,,
Tisa Ayunda RN,sgt membantu & promonya besar. tp mohon pilihan metode pembayaran diperbanyak ya  terimakasih,POSITIF,,,
Asri Aisyah El Zahra,Semangat aplikasi buatan anak bangsa ,POSITIF,,,
Bambang Pramesta,cukup membantu untuk pencarian tiket kereta api & boking hotel...     ,POSITIF,,,
ipat patimah,"cari tiket jdi sangat mudah, harga jga terjangkau banyak promo2. Mister Aladin TOP BGT",POSITIF,,,
Wiwid Angel,"Bener"" dapet diskon gede, ak udah voba, puasss... Terima kasih mister aladin",POSITIF,,,
Chrizzt RL,"Harga disini lebih mahal dibanding beberapa aplikasi sejenis, mohon diperhatikan.",NEGATIF,,,
Ahmad Rijensa,respon dari fasilitas bantuan itu cepat tapi aplikasi tidak bisa dibuat memesan tolong segera dibenahi,NEGATIF,,,
dayren gaming,"Pesan hotel banyak yg kamarnya tidak tersedia, beda dengan aplikasi sebelah",NEGATIF,,,
andi ami,"saya mengapresiasi bookingan yg saya lakukan mantap,hanya saja tdk ada bank BRI atau briva saat mau transfer..juga discountnya mantap",POSITIF,,,
Erwin Sirojudin,Pengalaman Pertama Booking tiket KAI langsung dapet Discount gede-gedean.Mister Aladin adalah Aplikasi yg memudahkan sy utk pesan tiket dan Hotel.RECOMENDED BANGET,POSITIF,,,
SENA SENDRA,"sangat membantu saya,tanpa mengantri....dan tdk bnyk membuang waktu...",POSITIF,,,
Semeton Lombok Entertainment,"Promonya sudah tidak seperti dulu lagi,lebih baik pake aplikasi sebelah",NEGATIF,,,
Mai Perlak,Belum ada krjasama dgn hotel melawai 1 dan 2,NEGATIF,,,
Wahyu Alfatih,sy baru saja pesan tiket kereta sudah bayar tp kode bokingnya gak keluar gimana ini,NEGATIF,,,
Riggrn Angg,waktu mau klik booking kok gak bisa sih? kadang bs kadang g bs. banyak gak bisanya  ,NEGATIF,,,
Anis Habibah,"Bagus kali la ini aplikasi, paking banyak pula diskonnya",POSITIF,,,
Gunawan Hasyim,utk mengetahui dan memesan tiket pesawat secara cepat,NEGATIF,,,
ferdy arsenal,"ngasih kode promo terus2 an,, tpi pas dipakai gak bisa,, muter2 gak jelas.. maaf sya uninstall",NEGATIF,,,
sonia asihsejati,Promonya luar biasa! Keren dehhh,POSITIF,,,
Budiman Chaniago,Ga bisa update,NEGATIF,,,
Syarifah Mellyannur,"kenapa aplikasi lemot sekali yaa, baik akses lewat komputer atau aplikasi sama lemotnyaa",NEGATIF,,,
D- Institute,kalau bisa tambah metode pembayarannya.bisa m banking atau internet banking.,NEGATIF,,,
Desain Rumah Suka Suka,"selalu force close saat ingin mengisi data penumpang, zenfone 3, segera perbaiki!",NEGATIF,,,
Ety Kusuma,"thanks Mr Aladin...dari awal pakai, semua begitu mudah dan tidak mengecewakan.",POSITIF,,,
Abepura DA,Mantap! Diskonnya gak banyak syarat. Syaratnya cuma minimal belanja aja ,POSITIF,,,
BRAVO HYPER,4 bintang dulu ya,POSITIF,,,
Pengguna Google,sampai hari ini masih oke oke saja saya pesan tiket. metode pembayaran nya tolong d tambah. tks,POSITIF,,,
Nuar Agung,Diskon 50% tapi boongg awokwowkwokwok,NEGATIF,,,
Pengguna Google,Aplikasi tai lah masa pas mau cek tiket pesawatnya gak bisa-bisa,NEGATIF,,,
Rois Sudin,"murah dari mana kucoba instal sama aja dgn yg lain,uninstal lagi dech....",NEGATIF,,,
Rafi ismail,Katanya ada paket tour saya lihat di aplikasinya gak ada tu,NEGATIF,,,
ferry barokah,Mantap promonya lebih dari aplikasi sebelah thanks mister aladin,POSITIF,,,
widodo agung,Aplikasi mudah diimplementasikan,POSITIF,,,
mas tedee,Joss pokoknya…,POSITIF,,,
Yamin Karna,senang menyaksikan berita yg akurat dan dpt dipertanggung jawabkan.,POSITIF,,,
ika wijaya,"untuk pembelian tiket kereta api disini juaranyaaaa, pertahankan!!!",POSITIF,,,
sylvi kleian,baru coba sih.. untuk alamat lengkapnya di mana?,NEGATIF,,,
Sarila Ila,"bagus lebih murah daripada aplikasi lain,ada diskon promo juga",POSITIF,,,
adelina prayogi,Tolong untuk pembayaran adakan untuk MNC bank juga. Terimakasih,NEGATIF,,,
Dwi Ariyanto,aplikasi yg sangat membantu. diskon nya juga banyak.. thanks,POSITIF,,,
faidatul ku,"Banyak diskonnya, terimakasih yaa  ",POSITIF,,,
SARMAN S Si,"Mantap pokok,,, aku suka",POSITIF,,,
agus triyono,"Jempol ae lah,",POSITIF,,,
Fadhli Yusuf,baguss.diskon kai 20% sukses. pmbayaran credit card dgn debit online lncar. sukses trus bnykin promo y,POSITIF,,,
Andryana Raisa,harga murah.bnyak promo.smoga habis di update makin bnyak lg promo,POSITIF,,,
ASCAFARI,MAU CARI KERETA DRI BANDUNG TIDAK ADA COBA CARI LOKASI TERDEKAT SAMA AJA TIDAK ADA APLIKASI APAAN SICH..ribet amat,NEGATIF,,,
CHENNEL ATHOMAS4126P THOMAS,mister aladin hotel aladin murah loh downlod mister aladin luncur tkp,POSITIF,,,
adrianto nova,Dowload versi terbarunya lama ya,NEGATIF,,,
Pengguna Google,Sangat bagus hasil yang di dapat sesuai dengan uang yang di keluarkan.,POSITIF,,,
Pengguna Google,"hanya rute domestik saja, tidak ada internasional  ",NEGATIF,,,
cahya kurniawan,sering-sering kasih promo untuk pemakai credit card MNC dong,NEGATIF,,,
Wahyu Sali,halo mr.Aladin saya mau login/daftar keterangan gagal.mohon Bantuannya.txs,NEGATIF,,,
Via Rahmadani,"mungkin ini sangat baik...dan mudah""an bnyk membantu",POSITIF,,,
Arifin Saragih,"apa keluar2 sendri,mo cek penerbangan aja gk bisa...wedus",NEGATIF,,,
Yudiko Riniko,"Makasih mister aladin, bagus buat penjagaan susah beli tiket.",POSITIF,,,
Sutini Adi,shiip...banyak promonya,POSITIF,,,
REZA KUMOLO,"Nice promo, tapi metode pembayaran adakan transfer bank dong agar user yg biasa transaksi via transfer atau virtual Account gak kabur  ",POSITIF,,,
Suandi Pratama,Kenapa nama bandara makassar tidak bisa di temukan yaa,NEGATIF,,,
Pengguna Google,Kurang bagus gk ada penerbangan internasional.....,NEGATIF,,,
Bilal Saputra,Mantap aplikasi ini...,POSITIF,,,
Pengguna Google,Recomended. Tolong diskonnya dibanyakin lagi.,POSITIF,,,
Pengguna Google,parah pelayanan lama..saya tunggu 1jam di lobi...,NEGATIF,,,
Madrowi Owi,Promo tiket keretanya oke banget,POSITIF,,,
Hajaj Nsjajs,saya ksi bintang 5. bantu saya nanti buat cari tiket pesawat murah,POSITIF,,,
Matahari,pernah booking buat acara kantor lewaat mr.aladin..harga bersaing dan ok,POSITIF,,,
Gung Oka,Nama aku diah aku kan mau instal tapi sudah 100 gk bisa di inatal,NEGATIF,,,
sri damayanti,Mudah dan banyak promo nya,POSITIF,,,
ty sumadihardja,Mantap ..diskonnya berasa buat travel,POSITIF,,,
Mohammad Akmaludin,saya sangat mengucapkan trimahkasih atas diskon kereta nya yuk download gk download nyesel loh,POSITIF,,,
Master Mashudi,mohon di tambah fasilitas menu bokingan yang masih time limit,NEGATIF,,,
Arraya Raya,cara pembayaran nya ribet...coba pakai sms bangking,NEGATIF,,,
L3l4kiku l4kiku,mau coba mister Aladin siapa tau mendapat kenyamanan dan kepuasan,POSITIF,,,
endro tyatmoko,"Membandingkan diskon/cashback dr bbrp penyedia, mister aladin yg paling ok.  ",POSITIF,,,
Amoy Hog,"Hotel Yang w Cari gak Ada masa,,,""Sahid Eminence Hotel"" Bogor...Kurang Update nih Hotel2 nya",NEGATIF,,,
Viera Berliana,"senang mengenal mister aladin ini, terpercaya dan selalu terdepan",POSITIF,,,
Lambert Johan,Aplikasi perjalanan alternatif,POSITIF,,,
Fanindi HS,saran perlu penambahan fasilitasi sms atau internet banking tuk permudah transaksi,NEGATIF,,,
Bayu Yulastio,Diskon dan promonya gak bohong sampe kaget pas liat dan merasakan diskonya     ,POSITIF,,,
Hedy Novelia,Mau pesen tiket kereta malah bacaan nya rute tidak ditemukan terus hadeuhhhh,NEGATIF,,,
Lia Yulia Arivin,Penawaran & layanan baik,POSITIF,,,
romz digitized,"Aplikasi bodoh, sistemnya ancur dlmnya.. SUPER MAHAL SMUA, BEDA DR PEGI2 & TRAVELOKA.. NYESELLLLLLLLL, mnc smua mahal",NEGATIF,,,
anton sawil,Recommended banget lur  ,POSITIF,,,
Imam tetap semangat,nyoba dulu klo bagus tak tambahin lagi bintangnya,POSITIF,,,
Kainun Najib,Bagus banyak promo ..,POSITIF,,,
Denisa,Diskon tidak ada yg menarik,NEGATIF,,,
Andi Aryan,Bintang tiga dlu soalx jarang tiket promo,NEGATIF,,,
aniestz smith,"bagus,, banyak diskonnya,, sangat membantu.",POSITIF,,,
adung adung,mister paling susah mau refund tijet peswat nga di ladenin percuma ada plikasi asisten... merugikan sangat akhir tiket saya hangus... jera dan kapok,NEGATIF,,,
zal dzikry,cash backnya keren  .....klo bisa lbh bnyak lg.,POSITIF,,,
Bayu Waskitho,kenapa kalau buka history pemesanan sangat lama yaa?,NEGATIF,,,
esti kotiningrum,Blm pernah ini baru coba,POSITIF,,,
muhammad 345,saya ksih 3 bintang dulu klo bagus saya bintang lagi,NEGATIF,,,
encep lopeselawase,"tiket pesawatnya mahal"" masih murah di trafeloka",POSITIF,,,
Mia Damyanti,promo tiket kereta apinya jos bgt...minimal beli nya lumayan kecil lg,POSITIF,,,
Wandi Ismail,"coba dulu ya nanti klw bagus kasih bintang pull, ok",POSITIF,,,
Fu'ad Abdurrokhman Putra,Belum update jadwal kereta September 2019,NEGATIF,,,
Ade Eva,Aplikasi nya lemot...gak rekomended to yooouuu....,NEGATIF,,,
Alvi Pratama,mesen kereta 2 kali make ini dan diskon guede skali sampe kena diskon 90rb,POSITIF,,,
Ricky Heryanto,Harga nya bagusss...,POSITIF,,,
rahmat satriyo,sangat mambatu mencari tiket murah dan banyak diskon,POSITIF,,,
Wono Satoru,Banyak kupon diskon,POSITIF,,,
Akbar Rizki,mantap diskonnya paling besar.. terus kasih diskon besar ya mr. aladin.,POSITIF,,,
Faizal RF,harganya paling murah dibandingkan aplikasi lain,POSITIF,,,
Waluyo 1,mantul...murahnya...,POSITIF,,,
Ahmad Nurjanah,Suruh update tapi susah,NEGATIF,,,
Emmy Nurmulat,Memuaskan krn lbh murah,POSITIF,,,
Agus Nur Ichsan,Diskonnya sudah mulai pelit... di batasi,NEGATIF,,,
Andri Bandriyono,payah....data udh bener tp ga bisa pesen ..,NEGATIF,,,
eka setiawan,Bagus aplikasinya thanks,POSITIF,,,
Vita Vita,harganya lebih murah di banding aplikasi lain,POSITIF,,,
Zhandy Putra,Tolong app nya melampirkan history bokingan agar bokingan kita yg sdh terbooking namun blum dipayment mash bsa diliat,NEGATIF,,,
eddie pamungkas,Promo ya seruuuu .    ,POSITIF,,,
mzss tocool,Selalu ada disconnya,POSITIF,,,
Topiq Nur,Banyak promo nya,POSITIF,,,
Isabella Tyiowanda,harga sangat kompetitif dibanding yg lain.,POSITIF,,,
nani amani,Bandara Kertajati Majalengka belum masuk list,NEGATIF,,,
Danang Prasetyo,"tolong tambah VA Bank lain (Mandiri,BCA,BRI)",NEGATIF,,,
Rushadi Yanto,Aplikasi bagus buat beli tiket. Terima kasih,POSITIF,,,
Dwi Hariyadi,aplikasi bagus dan banyak promo nya,POSITIF,,,
Herman Heri,Dapat banyak info dicount,POSITIF,,,
egie alviansyah,sangat bagus dan memuaskan dan banyak diskonya,POSITIF,,,
Bi Pi,selalu memberi harga yg pling murah. ...,POSITIF,,,
mk aditya,Sangat membantu,POSITIF,,,
Heris Man,Sangat membantu,POSITIF,,,
yuwan ramjada,sangat membantu,POSITIF,,,
Andre Pratama,lokasi susah untuk ditemukan. hufftttt,NEGATIF,,,
Elly Tanjung,masukan proses chek system dan booking mohon dipercepat,NEGATIF,,,
Rahman Respati,Cb dulu yee...,POSITIF,,,
cpy Haryanto,Murah dan aman,POSITIF,,,
Yunita Sari,diskon nya paling banyak di antara app lain,POSITIF,,,
Abas 21,aplikasi yg bagus saya sangat suka,POSITIF,,,
Nur Annadi,top.. banyak diskon. lanjutkan,POSITIF,,,
Dede Rosadi,"Bookingnya gampang,beneran diskonnya",POSITIF,,,
Danang Widarto,Promonya gak seperti dulu,NEGATIF,,,
Pengguna Google,Sigap untuk mengatasi komplen dari customer,POSITIF,,,
sepsiana chotimah,banyak diskonan nya.  suka banget.,POSITIF,,,
Pengguna Google,Metode pembayaran kurang mendukung,NEGATIF,,,
raretno wijayanti,kenapa eror gak bisa dibuka?,NEGATIF,,,
Satria Dydhan,Murah dan nyaman,POSITIF,,,
Asima Wahyuni,Boking tiket.....aladin aja....,POSITIF,,,
Mariatul Annisa,Paling banyak diskon tiket kereta api nya,POSITIF,,,
Diyah Cahyaningrum,saya sudah trans saki malah Tiket pembuktianya malah menghilang,NEGATIF,,,
Septyan Junot,login lewat FB ga bisa..lewat email..ga bisa,NEGATIF,,,
Tiketku Muncul,bagus bisa lihat ketersediaan seat,POSITIF,,,
Rono Puspito,Sangat membantu,POSITIF,,,
Pengguna Google,"Baru instal,klo bgs ditambah lg bintangnya",POSITIF,,,
Juwitaaa Kim,Jelek banget gabisa digunain apl bgsd,NEGATIF,,,
Budi Nurwahyu,Sigap dan mantul,POSITIF,,,
Gustaf Nibe,Jalan pintas biar Hemat,POSITIF,,,
Setyo Utomo,diskon berani besar,POSITIF,,,
Gunaone Tri Suwarno,Sangat membantu,POSITIF,,,
Pengguna Google,mantaaappp cs responsenya cepet Dan membantu sekali menjawab2 pertanyaan,POSITIF,,,
Pengguna Google,Lumayan bagus. cepat lodig y,POSITIF,,,
Pengguna Google,Paling top diantara yg lain,POSITIF,,,
Herman,semoga bisa membantu yg terbaik,POSITIF,,,
keishaspam keisha anindya ariyanti,Enk bngt dan nyaman,POSITIF,,,
Wafaahya Ahya,gak bisa di Download gmn iniii....,POSITIF,,,
anna ajjah,"memuaskan, harga ok!! ",POSITIF,,,
Pengguna Google,Pengalamanku wkt pesan hotel full tp Berkat Mister Aladdin masih bisa dapat  ,POSITIF,,,
Sigit Bahari,tolong disertakan dlm bahasa indonesia,NEGATIF,,,
Adi S,"Bagus, harganya bersaing",POSITIF,,,
Micha chan,kok ga ad bandara kertajati?,NEGATIF,,,
Bagus Susanto,serius murah tiket keretanya... diskonnya top,POSITIF,,,
Ngadi ono,mantul...cma pembayaran virtual acunt bca belum ada...,POSITIF,,,
bangun firdaus,Mantap ... banyak promonya,POSITIF,,,
Wiwin Widiawati,mudah... sangat membantu,POSITIF,,,
Ferani Aqsa,saya mau mencari dri belitar ko tidak ktmu ya,POSITIF,,,
dugel suji,semoga bermanfaat maju terus,POSITIF,,,
Farid Gaming•,Baguss bangettt ngentod,POSITIF,,,
johanes tenriraja,Harga menentukan pilihan,POSITIF,,,
sasi kalanera,"PARAH GW BOOKING HOTEL BUAT ORTU, UDH GW BAYAR TAPI ILANG GITU AJA BOOKINGANYA ANYING",NEGATIF,,,
hari prasetyo,bagus lbh mudah digunakan,POSITIF,,,
Malika Rangkuti,metode pembayaran nya kurang banyak,NEGATIF,,,
arif rahman hakim,Aplikasi sangat membantu,POSITIF,,,
Firman Junaidi ST,"Tidak baik, tidak banyak membantu",NEGATIF,,,
ayudia ayudia,Selalu ada jalan dengan mr aladin  ,POSITIF,,,
mekahnusantara official,Kasih 3 dulu,POSITIF,,,
sasi kalanera,"kambing, d apdet malah ga bsa log in",NEGATIF,,,
Bernardus Adji,cukup membantu untuk mencari tiket,POSITIF,,,
Clara 30,Sangat membantu,POSITIF,,,
yuli anto,"Aplikasi sangat berat dan lambat,.",NEGATIF,,,
Siti Hodijah,promonya tiket pesawatnya kurang mantap,NEGATIF,,,
Hermin Ningsih,"terima kasih, cari tiket jadi mudah",POSITIF,,,
PratiwiToding Tandiseru,rute tujuan makassar kok ngk ada,NEGATIF,,,
Febri Djavianto,Istimewa..banyakin Promo dan Diskon nya dong,POSITIF,,,
Titus Ahiung,sangat membantu perjalanan saya..,POSITIF,,,
Bima Putra,Ko tdk bisa pembayarn lewat alfamart dipilahan pembayaranya tidak ada,NEGATIF,,,
Denaya Gabrielle,Loding terlalu lama,NEGATIF,,,
Supriyanto Nurmarsito,"Sudah bagus neh app, discountnya juga oke",POSITIF,,,
hendi Susanto,belum pernah dikecewakan ,POSITIF,,,
Sri Ayu,bosan mahal,NEGATIF,,,
Gusti Ardiansyah,kalo boleh diskonnya seperti kemarin,NEGATIF,,,
Sun Nardi,Sangat puas.trimaksih mister aladn,POSITIF,,,
Pengguna Google,Mantap..sangat membantu saya..,POSITIF,,,
Hendra Polonia,Sangat mengecewakan..,NEGATIF,,,
Zaenal Ahmad,aplikasi yg paling gue demenin...   ,POSITIF,,,
Apriansyah Apriansyah,"tingkatak promonya, and aplikainya d percepat",NEGATIF,,,
Taniaeka Safitri,Sangat membantu sangatbagus misteraladin,POSITIF,,,
Erna Jedi,Sangat membantu dan cukup lengkap.,POSITIF,,,
adriano yusuf,aplikasi yang bagus untuk akomodasi saya,POSITIF,,,
vadra wijaya,Aku mau pergi ke linggau,POSITIF,,,
aiu novv,diskon hotel diperbanyak dong,NEGATIF,,,
Hendry Iswandi,pembayarannya susah dam ribet. uninstal maav,NEGATIF,,,
Asep Tri,good aplikasi... recomended,POSITIF,,,
Sholahuddin yazid,Murah tiketnya banyak potongan,POSITIF,,,
SANTHOS WACHJOE PRIJAMBODO,pesanan tidak bisa di cancel,NEGATIF,,,
Fadli Arif Baqosih,bagus dan terpercaya,POSITIF,,,
Muhammad Sidiq,selalu jadi aplikasi Terbaikkk...   ,POSITIF,,,
Romdhan pananggungan,seru kalau kamu donlod ini,POSITIF,,,
Id Jah,Blm seratus persen hslnya,POSITIF,,,
Kurniawan,baru mau coba aplikasi ini,POSITIF,,,
Rifan Hakim,Liburan lebih murah   ,POSITIF,,,
Hendra Anas,Mantap aplikasinya......!!!,POSITIF,,,
Kunjara Raya,keren   semoga lancar terooss diskonya ajib bener aladin,POSITIF,,,
Thinny Marz,promo tiket kereta banyak bgt,POSITIF,,,
satria januarto,Diskonnya mantap,POSITIF,,,
krisna label,Sangat membantu traveler.,POSITIF,,,
Abdul Rohman,"saya yakin, ini bagus",POSITIF,,,
Kusnadi Tamin,sangat bermanfaat buat saya,POSITIF,,,
Hidayat Sapari,"Bagus, dapat diskon lagi,,,",POSITIF,,,
batara indra,coba empat dulu...,POSITIF,,,
dj onyonng onyonng,sata suka mister aladin gapang pesan holel pesawat,POSITIF,,,
endro martoyo,Promo sangat menarik,POSITIF,,,
Alexander Nainggolan,cocok untuk traveling,POSITIF,,,
Renal Alfian,terimakasih memang juara mister aladin majun 🤲,POSITIF,,,
Nikmahnur Azizah,banyak promo menariknyaa,POSITIF,,,
Rizkia Ananda 21,Harga Promo Nya Aseli Mantap  ,POSITIF,,,
sumarso marso,sangat puas atas diskonnya,POSITIF,,,
il yanxzea,slow respon admin nya,NEGATIF,,,
cahyo wied,Sangat bermanfaat,POSITIF,,,
simon maulana,discount kalah saing dgn ota lain,NEGATIF,,,
wawan nofiyanto,Mantap banyak diskonya,POSITIF,,,
ikhsan pambudi,Tambah lg promonya yaaa,NEGATIF,,,
Helmi Wibowo,kumaha weh lah amal mah mere bintang 5 ge amal,POSITIF,,,
Vahda Mais,lama reapon klau kita nanya.,NEGATIF,,,
Samuel Agung,banyak diskonnya,POSITIF,,,
Ulima Fauzia,sedikit pilihan,NEGATIF,,,
Rahmat Widianto,Nice promonya!,POSITIF,,,
Pengguna Google,semoga berkah,POSITIF,,,
Y. Astyowati Wahyuningtias,Siap di coba,POSITIF,,,
Wila Hidayat,bagusssssss.tp blm prnh booking.hehee,POSITIF,,,
Indra Wati,Lebih dibanyakin promonya,NEGATIF,,,
REZA TRI MUKTI,Ini kayak di dipi bukan,POSITIF,,,
Jeli Novitawati,sangat membantu,POSITIF,,,
Dziky Ravi Tama,promo kereta nya maknyus,POSITIF,,,
Solih Mohamad,sangat membantu,POSITIF,,,
Iwan Setiawan,bagus dan baik,POSITIF,,,
yosep poernomo,pertahankan diskon nya  ,POSITIF,,,
Widho Eko Darmoko,sangat membantu,POSITIF,,,
Boedi Cumi,sangat membantu,POSITIF,,,
Norma mhikmah,sangat membantu,POSITIF,,,
Arie Abronie,br coba nih aplikasi...,POSITIF,,,
Iswandi Dhodo,perbanyak promo nya min,NEGATIF,,,
Anung Harijanto,Seneng sama diskonnya,POSITIF,,,
Sugianto Cheung,di perbanyak untuk tours nya,NEGATIF,,,
eva agustin,Keyen banyak promo,POSITIF,,,
Rommy Aditya,travel paling buruk,NEGATIF,,,
Andreas Yunianto,"baguss, dan promo besar",POSITIF,,,
Riez Mahardika,aplikasi yg ckp membantu,POSITIF,,,
Ef Nab,terlalu besar mengupdatenya,NEGATIF,,,
radmoko nugroho,Mantap sekali,POSITIF,,,
Andi Surya,harga tiket lebih murah,POSITIF,,,
Bowonatadika Natadika,sangat mudah dan nyaman,POSITIF,,,
Widiya rtati,blm pernah pake ud update,NEGATIF,,,
Ilham Akmaludin,"Mantap anjing, yes",POSITIF,,,
Linda Kusumo,bagus..banyak promonya,POSITIF,,,
Pengguna Google,harganya mahal,NEGATIF,,,
Nouvo Tangsel,Diskonnya mantabs,POSITIF,,,
Pengguna Google,mister aladin bisa pesan sekarang waw,POSITIF,,,
Budi chanel video keren Karo koplak,sangat membantu,POSITIF,,,
Agus Purwono,semakin d percaya,POSITIF,,,
FITRIAH SANUSI,memuaskan..,POSITIF,,,
Ilin Khalilurrahman,sangat membantu,POSITIF,,,
imadudin rosad,Mantul promonya,POSITIF,,,
Novia zahrotul alfirdausya,akan dicoba,POSITIF,,,
Pengguna Google,harga hotel variatif,POSITIF,,,
Angga Erlangga haikal,jalan jalan ah ke aljajair,POSITIF,,,
M.sayuti Hermawan,hebat semangat ya bravo,POSITIF,,,
Yanti Yanti,Mr. aladin mmg okey,POSITIF,,,
bintang syenzie,lumayan sangat membayu,POSITIF,,,
konsultan kesehatan,suka .....banget   ,POSITIF,,,
Alex Farezi,baru mau coba,POSITIF,,,
rianinurifa,diskon nya terbaik,POSITIF,,,
Loli Purnama Dewi,bisa rescedule gk ya?,NEGATIF,,,
Putri Sulistyowati,Coba dulu ya,POSITIF,,,
oby prince,mister aladin yg lama lebih byk promo tiketnya,NEGATIF,,,
Agustinus Hermanu,promonya mantap...,POSITIF,,,
Zhafran Khalisa,Perbanyak promonya,POSITIF,,,
Mursidin Almursyi,"Kurang dr 3 menio, langsung uninstal",NEGATIF,,,
Saherman Pekanbaru,sangat memuaskan,POSITIF,,,
Qonita Lutpiyah,Diskonya ditunggu terus,POSITIF,,,
Bubar.jalan 33 @gmail.com Bubar Jalan,updute harga tiket,NEGATIF,,,
Edward SP,sangat membantu,POSITIF,,,
Achmad Bintang Fauzan,ga bisa refund,NEGATIF,,,
sunardi wijaya,cepat dan mudah,POSITIF,,,
Faisal Rahman,membantu....fantastik,POSITIF,,,
Shelly Sutanto,oke bgt nih apps,POSITIF,,,
Hilda Ika Yati,Diskon hotelnya banyak,POSITIF,,,
Iwan Hendi,sangat membantu,POSITIF,,,
Qolbana Al-hazim,keren diskonnya,POSITIF,,,
Heri Sutikno,banyak diskont nya yah baguuuss,POSITIF,,,
sukardi hutapea,Tidak puas !,NEGATIF,,,
Pengguna Google,2 aja dulu,POSITIF,,,
afrizal yaman,mantap..cm diskonya dikit,NEGATIF,,,
Aneuk Lon syg,pising aku kalian bikin,NEGATIF,,,
Sarjiman Iman,diskon kurang gede,NEGATIF,,,
Aqliaism,Terimakasih mister aladin :),POSITIF,,,
Faqih Shinobi,10pct ticket pesawat sudah hilang,NEGATIF,,,
Murni Ain,makasi aplikasi ini memudahkn,POSITIF,,,
deka putri,mantul diskon nya gede recomended pwol,POSITIF,,,
Pengguna Google,mantap diskonnya,POSITIF,,,
Novriati SP,sngat membantu ,POSITIF,,,
rodji ireng,mantaaaaap dicount nya...,POSITIF,,,
Sukran Ran,hutbah jumat terbaru,POSITIF,,,
bass hunter,memudahkan cara jdi flexibel,POSITIF,,,
Doni Armstrongs,promo pake syarata tai kucing,NEGATIF,,,
Guntoro Gun,baik promo oke,POSITIF,,,
Andreanus Andre,Tetap lebih oke traveloka,NEGATIF,,,
Eko Hendra Wira,Mantap trims Aladin,POSITIF,,,
A Ys,filternya dikit bener,POSITIF,,,
zal GO,aplikadix diperbaharui,NEGATIF,,,
Grace Lia,baru mau bergambung,POSITIF,,,
Arip Setiawan,mantaap banyakin promonya,POSITIF,,,
arie didit,Promonya mantabbb,POSITIF,,,
akmalkamaruddin,Sangat memuaskn,POSITIF,,,
Eka Waluya,Aplikasi lemot coyy,NEGATIF,,,
tantenya mida,Diskonnya asli,POSITIF,,,
Yuli anto,tes oke lanjut,POSITIF,,,
Azmi Milano,Recomended bgt pakai mister aladin. Banyak promonya dan gak akan mengecewakan,POSITIF,,,
Lala Jos,Semoga Slalu Membantu Cari Tiket Kereta,POSITIF,,,
indra sukma,Nicely,POSITIF,,,
Elisabet Tetey69,Baik,POSITIF,,,
Rita Wijaya,PAYAH!!!!,NEGATIF,,,
DARYONO DARYONO,oke,POSITIF,,,
Eko Cong,baik,POSITIF,,,
Lina Ajaa,E=CHECO,POSITIF,,,
Lenny Niwanty,Blm ada,POSITIF,,,
sudirman gaming,Very good,POSITIF,,,
Fahim Liverpudlian,Keren banget,POSITIF,,,
CAHAYA COMMUNITY,Ok,POSITIF,,,
HARWANTO YATIM MUSTOFA,ok,POSITIF,,,
Jarot Wuryanto,Ok,POSITIF,,,
Ezzy zago,Ok,POSITIF,,,
Dhenri Kurniadi,ok,POSITIF,,,
bondan attara,Mantol,POSITIF,,,
Ridwan Lisman,Murah,POSITIF,,,
ferly syahadat,Bagus,POSITIF,,,
Dicky Wahyudi,Mantap,POSITIF,,,
Taufik Munaf,Baik,POSITIF,,,
Taufiq Sanjaya,Mantap,POSITIF,,,
hankwang hankook,Mancapp,POSITIF,,,
Carissa Icha,Jooossss,POSITIF,,,
Putri jaya Lestari, ,POSITIF,,,
Fitri Yuliana,Good,POSITIF,,,
Razka3546 Ruana123456789,Alhamdulillah jaza kallohu khoiro,POSITIF,,,
Andrias Eko,Aplikasi slow respon..not recomended..,NEGATIF,,,
Su Parman,Sangat puas,POSITIF,,,
hendrik effendi,Ok banget,POSITIF,,,
kurniawan ramadhon,coba dulu,POSITIF,,,
Sudarmi Rosdiana,sering hoax,NEGATIF,,,
M.Fahrur Farid,Good aplication,POSITIF,,,
Dista Pani RA,Oke,POSITIF,,,
Nanang K,Sipppp,POSITIF,,,
Mustakim Al TV,Buruk,NEGATIF,,,
ANNAS A.Y,Bagus,POSITIF,,,
"Imam Fanani, SH",Mantap,POSITIF,,,
Yogie R Permana,Ok,POSITIF,,,
Yulia Andini,Bagusssssssssssssss          ,POSITIF,,,
Susana Benjamin,Bagus,POSITIF,,,
Uum Saumagawati,Bagus,POSITIF,,,
tri wahyuni,O.,POSITIF,,,
Kordine Akerpia,  ,POSITIF,,,
Sofia Febriani,Mister Aladin top ....,POSITIF,,,
koko arik,Bagus mantap,POSITIF,,,
arif nastainudin,Mantap benar,POSITIF,,,
Agus Karjuni,Muantap bagus,POSITIF,,,
si Kancil,mudah murah,POSITIF,,,
Triyanta Triyanta,cepat.,POSITIF,,,
windu jayadi,Nice,POSITIF,,,
MLalu Ali,ok,POSITIF,,,
Ridwan Malik,Good,POSITIF,,,
Fajar Juniar,Baik,POSITIF,,,
Hendro Alramy,Ok,POSITIF,,,
niluh sepri,Good,POSITIF,,,
luthfi izzuddin luthfi,Bagus,POSITIF,,,
imam tri wibowo,Ok,POSITIF,,,
anis alamsyah,Good,POSITIF,,,
Michael Selan,mantappppp,POSITIF,,,
yonfen hendri,Good,POSITIF,,,
asep suhendar,Good,POSITIF,,,
Sidik Tok,Ok,POSITIF,,,
Eva Maryana sari,Alhamdulillah,POSITIF,,,
Fikih123 Zulfikar,Ok,POSITIF,,,
Fatimah Azzahra,bgus,POSITIF,,,
ahmad syukri,Mantap,POSITIF,,,
Arina Husna,jos,POSITIF,,,
Gyu Kim,oke,POSITIF,,,
natalia soemanti,Susah,NEGATIF,,,
Muhammad Arkan,Okey,POSITIF,,,
dedi hendrawan,Jos,POSITIF,,,
manfie debih,Mantaap,POSITIF,,,
Dono Febrianto,Bagus,POSITIF,,,
Rojul Nurdin, ,POSITIF,,,
Muhamad Ridwan,Aplikasi mantab,POSITIF,,,
Ahmad Hoerudin,sangat bagus,POSITIF,,,
Asnul Yakin,Ok mantap,POSITIF,,,
Alhunk Jie,Belum ada,POSITIF,,,
Andriyana Dinata,Mantap,POSITIF,,,
zafran arka,Bagus,POSITIF,,,
Erwin Pangkahila,Good,POSITIF,,,
Suratno Ratno,Top,POSITIF,,,
Ryta Nuwa,Ok,POSITIF,,,
Maya Nurmayanti,Okkk,POSITIF,,,
Dhia Mus,Bgus,POSITIF,,,
Bayu Budi,Good,POSITIF,,,
Ardian Komala,baik thanks y,POSITIF,,,
Ojan Mas,Lodingya lama,NEGATIF,,,
Sutarjo Ridhotour,Sangat puas,POSITIF,,,
dwi andi,Good aplikasi,POSITIF,,,
Ullah Tina0099,Good job,POSITIF,,,
Raisya Azzahra,sangat puas,POSITIF,,,
Yudi Rahayudi,mister Aladin    ,POSITIF,,,
Melda Melda,ok,POSITIF,,,
Emanuel Ndelu Wele,Good,POSITIF,,,
Teddy Tamasya,Ok,POSITIF,,,
FAJAR MAHARDIKA,ruwet,NEGATIF,,,
Budiman Johansyah,Ok,POSITIF,,,
soni wijono,Good,POSITIF,,,
Anton Anton,Sip,POSITIF,,,
Rachmadi Usman,Ok,POSITIF,,,
suryo rujito,Best,POSITIF,,,
Meysa Jordins,Ok,POSITIF,,,
bisri nurohman,Mantul,POSITIF,,,
Westly Simanjorang,Good,POSITIF,,,
Zovan Fahlevi,Yuhu,POSITIF,,,
agus pur,ol,POSITIF,,,
Lukis Tiyono,Bagus,POSITIF,,,
Devarta Putra,Xy,POSITIF,,,
Triya Yuliani,Like,POSITIF,,,
Rendy Putra,yy,POSITIF,,,
Singgih Ardiyanto,Baguus,POSITIF,,,
Ricky Reza Pahlevi,good OTA Application,POSITIF,,,
Felly Anta,"Jozzz, howoz howoz",POSITIF,,,
Mumu Amalia,Sangat baik,POSITIF,,,
Jens Travel,harga murah,POSITIF,,,
nadia sayang,Harga mahal,POSITIF,,,
esti panuntun,Banyak diskon,POSITIF,,,
gunawan samsudin,Diskonnya geeudee,POSITIF,,,
Zaenab Willem,Bagus bgt,POSITIF,,,
Vick Hidayat,Mantap jiwa,POSITIF,,,
Darmawi Darmawi,Sangat puas,POSITIF,,,
daud pujiyanto,Sangat bagus...,POSITIF,,,
Muhamad ibrahim Wasgar,Sip,POSITIF,,,
Eko Setiomandiri,Mantab,POSITIF,,,
bonggo pribadi,Ok,POSITIF,,,
samson harjono,Jozz,POSITIF,,,
tony se,Ok,POSITIF,,,
Dudi Mridwan,Sip,POSITIF,,,
Fryda Oey,Keren,POSITIF,,,
Trie Ajeng,Ok,POSITIF,,,
muhammad darojat,Oke,POSITIF,,,
Fharmi Arnanda,Mantap,POSITIF,,,
Eko Setiadi,Good,POSITIF,,,
niluh winari,Good,POSITIF,,,
Machi Titi,Mantap,POSITIF,,,
rumit ruwet,Good,POSITIF,,,
The_Mandors Trip,mantap,POSITIF,,,
Belgica sangaji,Keren,POSITIF,,,
Geby Timban,Baik,POSITIF,,,
Fransiska Matutina,Mantap,POSITIF,,,
muhamad herpiji,Ok,POSITIF,,,
sri martina wiraswati,Ok,POSITIF,,,
Anisa Rahmadini,Bagus,POSITIF,,,
Hani Handayani,Bagusss,POSITIF,,,
ramdan mahmud Foker,Baik,POSITIF,,,
Soekrisno Tjokrodiwiryo,excellent,POSITIF,,,
Ahbai Chay Bama,Bagus,POSITIF,,,
Eddy Elminsyah Jaya,Ok,POSITIF,,,
Ciptateknik1234 Cipta,Mantap,POSITIF,,,
Erna Ernayunita,Ok,POSITIF,,,
White Better,Good,POSITIF,,,
Tharienha Harahap,Like,POSITIF,,,
Wahyudi Utomo,   ,POSITIF,,,
Ivo Hamri,  ,POSITIF,,,
Myk ekel, ,POSITIF,,,
Husni 161090, ,POSITIF,,,
sutikno no,bagus...............,POSITIF,,,
Villa Farm Chanel,All my journey had a disc.,POSITIF,,,
ali lasner,Mantuul muurah,POSITIF,,,
Niky Mawon,Mantapppp.....,POSITIF,,,
dedet firdaus,Menarik,POSITIF,,,
Wahyu Wibowo,Mantap,POSITIF,,,
Yuli Rahmawati,baik,POSITIF,,,
khoirus sani,TOP,POSITIF,,,
Alan Manurung,Mantap,POSITIF,,,
rony roy,Bagus,POSITIF,,,
Alifia Annisa,Good,POSITIF,,,
siti hasanah,Good,POSITIF,,,
Muhammad Hidayatollah,Good,POSITIF,,,
Yudi Permana,Mohon adakan pembayaran yg transfer via ATM donk biar lebih beragam cara pembayarannya,POSITIF,,,
alif haryono,Banyak promo,POSITIF,,,
Abdullah ahmad,Ok,POSITIF,,,
Angga Waugi,Oke deh,POSITIF,,,
Irsan Hadi Pratama,Ok sekal,POSITIF,,,
randi apri,burutani,POSITIF,,,
Haris.moch66 Abdul,good,POSITIF,,,
Temy Sucahyo,good,POSITIF,,,
Elvhina Mabui,tidak ada,NEGATIF,,,
She Tuantama,Top,POSITIF,,,
Giyatno Giyatno,Good,POSITIF,,,
Bul han,you're my decision broh,POSITIF,,,
hamid yusuf,top markotop,POSITIF,,,
Ayick Barcelona,baru awal,POSITIF,,,
Enceng Sujana,good aplikasinya,POSITIF,,,
Susinto Iwan,loading lama,NEGATIF,,,
Ratna Solatiah,sabgat puas,POSITIF,,,
Mhd Ridwan,Sangat bagussssss,POSITIF,,,
slamet suharyanto,kurang bagus,NEGATIF,,,
ZAINUL ARIF,Ok baik,POSITIF,,,
Huslan Rambe,zz ,NEGATIF,,,
Pengguna Google,good,POSITIF,,,
Agusyanto Cung Djie Tian,good,POSITIF,,,
Jhu Gaol,good,POSITIF,,,
Yasuo Adhi Nugroho,excellant,POSITIF,,,
ana aniaty,mantap,POSITIF,,,
Ninik Sandio,good,POSITIF,,,
Abdul Mutholib,none,POSITIF,,,
Septo Surono,bagus,POSITIF,,,
ANSHORI KURNIAWAN,good,POSITIF,,,
Abi Hanifah,mantaap,POSITIF,,,
Jasko johandes,ok,POSITIF,,,
Tar Muji,Bagus,POSITIF,,,
Arfin Trinanda,good,POSITIF,,,
edi damhudi,Sip,POSITIF,,,
djiuytg Hanityo,Sigit,POSITIF,,,
Wahyudi Hartono,ok,POSITIF,,,
Alyaquinsa Susilo,jelek,NEGATIF,,,
Mas Hqqi, ,POSITIF,,,
Nkm nink,Ok..............................,POSITIF,,,
Joko Dwi Surawu,it very good,POSITIF,,,
Seno Utomo,Tiket murah KA,POSITIF,,,
Mahmud Nasser,oks bgt,POSITIF,,,
Rifqi Yunior,ok sip,POSITIF,,,
Atik Hariyati,easy to use,POSITIF,,,
Sparingga Anggraeni,sip bgt,POSITIF,,,
Agus Suryono,b agus,POSITIF,,,
Riadi Rapii,riadi ,POSITIF,,,
MACHMUD KASIM,ok,POSITIF,,,
Dadan Ramdani,mantapppp,POSITIF,,,
khoirul mustofa,Alhamdulillah,POSITIF,,,
rurirusdiarto Subari,good,POSITIF,,,
Jupri Riswanto,mantap,POSITIF,,,
aanda ckep,baguussss,POSITIF,,,
Rizky AmaliaXIIak,memuaskan,POSITIF,,,
didin riadhi,mantap,POSITIF,,,
Wahyudi SE,mantap,POSITIF,,,
ibnu fr,bagus,POSITIF,,,
Muhammad Rusman,mantap,POSITIF,,,
Wahid Maulana,oke,POSITIF,,,
AS RUL,bsgus,POSITIF,,,
Eko Suprayitno.sleko,ok,POSITIF,,,
Slamet Setyoadi,lancar,POSITIF,,,
Rahma Wijaya,good,POSITIF,,,
Ayubi Al Ayubi,good,POSITIF,,,
Don Dodon,ok,POSITIF,,,
Gregory Santos,reseh,NEGATIF,,,
Sri Mulyani,mantab,POSITIF,,,
Lucy Ana,Ok,POSITIF,,,
udeden hendriana,baik,POSITIF,,,
Widia Meilani,"pada saat mau issd kenapa tidak bisa padahal limit waktu masih ada, sy cb menghubungi pihak aladin tdk ada jawaban smpai akhrnya tiket sy terbatal dan soldout",NEGATIF,,,
sutrisno coolcall,transaksi tambah M bca,NEGATIF,,,
Egga 1493,"so far so good, i like this app  ",POSITIF,,,
novia madona,mahal2 hrg nyaaaaaa,NEGATIF,,,
syaifudin bahri,ok kereeen,POSITIF,,,
Suradi Setiawan,update dong,POSITIF,,,
sulaiman sh,cukup baik,POSITIF,,,
legen moba,goood aplikasi,POSITIF,,,
welcome you are,lina awawata,POSITIF,,,
santozo 1171,very good,POSITIF,,,
Ferdinandus Aloiisius,semoga mmbantu,POSITIF,,,
Den Rakai,update mulu,POSITIF,,,
DEDEK SURIAT,sangat baik,POSITIF,,,
muhardi nurdin,Good application,POSITIF,,,
Desy,Good aoplication,POSITIF,,,
Joel Paranga70,Bagus,POSITIF,,,
heni haryati,Good,POSITIF,,,
asep hendayana,Bagus...,POSITIF,,,
Andx Project,bokep,POSITIF,,,
roy karso,good,POSITIF,,,
Anton Sujarwo,ok,POSITIF,,,
tyas mala,bagus,POSITIF,,,
SPC 06,good,POSITIF,,,
M.febriansyah,ok,POSITIF,,,
Muhammad Yahya,yuuk,POSITIF,,,
Muhtajuddin Danny,Good,POSITIF,,,
Iqb Mhd,mayan,POSITIF,,,
Harto Guntur,oke,POSITIF,,,
pramono se,Ok,POSITIF,,,
Andi Caisar,mahal,POSITIF,,,
Mochammad Bachtiyar,Mahal,POSITIF,,,
Keanu channel,good,POSITIF,,,
Faza Lulu,nice,POSITIF,,,
yashinta wardhana,sip,POSITIF,,,
Harmita Adolfina,bagus,POSITIF,,,
Suhenda Henda,good,POSITIF,,,
watino watino,ok,POSITIF,,,
Sis Kira,keren,POSITIF,,,
Mei Diana,ok,POSITIF,,,
ahmad widayat,joss,POSITIF,,,
crysta mldv,mantul,POSITIF,,,
Handito Annas Barlian,good,POSITIF,,,
Stt Waluyo,praktis,POSITIF,,,
Nor Fadli,Mantab,POSITIF,,,
Anaz Almansour,good,POSITIF,,,
frizal iryandi,bagus,POSITIF,,,
Arif Rohman,good,POSITIF,,,
Roy Ramones,top,POSITIF,,,
Wisnu Hadi,memuaskan,POSITIF,,,
ahmad clu,cepat,POSITIF,,,
Wira Darmawan,good,POSITIF,,,
Aden Hp,mantap,POSITIF,,,
jevan jeril,ok,POSITIF,,,
Muchammad Nasir,joos,POSITIF,,,
thomasdwidaryono,bagus,POSITIF,,,
Umik Azka,cakep,POSITIF,,,
Esti Wulandari,bagus,POSITIF,,,
Miftachun Nisa,ok,POSITIF,,,
treesye budiono,baik,POSITIF,,,
Togar Rizal,mantul,POSITIF,,,
Imelda pardede,good,POSITIF,,,
Mohammad Arifin sardi,ok,POSITIF,,,
Eka Winter,baik,POSITIF,,,
Anton Hanafi,bagus,POSITIF,,,
Farid Abi,mantul,POSITIF,,,
Tands Management,ok,POSITIF,,,
Mulki Ahmad,top,POSITIF,,,
Mistali Wahid,ok,POSITIF,,,
Eka Santy,ok,POSITIF,,,
Hendrik Edy,bagus,POSITIF,,,
Indra Cuexs,bgus,POSITIF,,,
Nur Rochman,lumayan,POSITIF,,,
Adi Prakosa,siip,POSITIF,,,
Abdul haliq Suleman,baik,POSITIF,,,
BAMBANG TRI SUHARTO,good,POSITIF,,,
Eni Indayati,Mirsani,POSITIF,,,
Erry Hariadi,Ok,POSITIF,,,
Salem Banamah,   ,POSITIF,,,
Natalika Destiwy,  ,POSITIF,,,
Dian Geraldine,CUSTOMER SERVICE NYA SLOW RESPON!!!!!! ,NEGATIF,,,
Uci Lestarii,thanx mister aladin,POSITIF,,,
Uming Apitasari,ok..suka.promo.nya,POSITIF,,,
Carol Lina,good aplikasi,POSITIF,,,
Yul Hendri,mantap discont,POSITIF,,,
Ronny Siregar,good apl,POSITIF,,,
randysiro,sip woke,POSITIF,,,
hairil anwar,Sering bug,NEGATIF,,,
Muh Astak Efendy,Crazy deal,POSITIF,,,
Muhamad Subhi,top.dah,POSITIF,,,
Machdalena Zahra,bagus,POSITIF,,,
mira mawarni,bagus,POSITIF,,,
ATM TRAVEL,joss,POSITIF,,,
Victor Latuputty,nyaman,POSITIF,,,
Yosi Herlambang,bagus,POSITIF,,,
Yana Suryana,bagus,POSITIF,,,
Novanka Findri Wiyanti,good,POSITIF,,,
Hendra Oppoku,okk,POSITIF,,,
Sandy Haryandi,good,POSITIF,,,
Putra Gun,satisfied,NEGATIF,,,
Fahmi Ikhwan,Mantaap,POSITIF,,,
Oktiari Inggarwangi,nice,POSITIF,,,
Ilham Muhammad,mantab,POSITIF,,,
Ririn Suprihatin,bagus,POSITIF,,,
Dex Jerix,ok,POSITIF,,,
Andi Sopandi,bagus,POSITIF,,,
wisnu wardoyo,baiik,POSITIF,,,
Dede Cimeng,bgus,POSITIF,,,
Artati Sumarsono,oke,POSITIF,,,
hesty kusnilawati,good,POSITIF,,,
risna auniar,good,POSITIF,,,
budi npl,woww,POSITIF,,,
Golik Golik,top,POSITIF,,,
jimmy ronny,baik,POSITIF,,,
ca tam,top,POSITIF,,,
Muhamad Sampurno,mantap,POSITIF,,,
suryadi adi,sip,POSITIF,,,
Lkp Kumalasari,good,POSITIF,,,
Prima Ditaharyani, ,POSITIF,,,
Pengguna Google,Juara!,POSITIF,,,
Dwi Juni Muhammad Sabur,baguuuusss buamgeeettt......,POSITIF,,,
Raisaha Saha,sangat baik,POSITIF,,,
Darmawan Prasetyo,oke lah,POSITIF,,,
sirum sahdar,sangat baik,POSITIF,,,
HERRY SUDJATMIKO DJABRIX HERRY,Good job,POSITIF,,,
Maulana Muhammad,good,POSITIF,,,
Irfan ST, ,POSITIF,,,
Nur Abdul Haris,mantaaabbn,POSITIF,,,
Thoriq Phikekke,sip,POSITIF,,,
Pengguna Google,ok,POSITIF,,,
Pengguna Google,memuaskan,POSITIF,,,
Basroh Alawi,bagus,POSITIF,,,
Ki Sabdo Lambe Dieng,muaantul,POSITIF,,,
hendri suhendar,good,POSITIF,,,
Wawan Susilo,good,POSITIF,,,
Amita Juliana,top,POSITIF,,,
cakranaga cakranaga,good,POSITIF,,,
Jingga Senja,oke,POSITIF,,,
Santo Adji,baguus,POSITIF,,,
syah rial,good,POSITIF,,,
mas bro bro,ok,POSITIF,,,
hafid asy'ari,sip,POSITIF,,,
Kristien Katihokang, ,POSITIF,,,
Pengguna Google,begok susah banget log in iya in booking app ter anj*ng sedunia,NEGATIF,,,
I NYOMAN,mantul,POSITIF,,,
Zainuddin Siregar,good,POSITIF,,,
Pengguna Google,Sangat Baik,POSITIF,,,
Oni Teguh,bagus banget,POSITIF,,,
mariah ulfa,br coba,POSITIF,,,
