Nama,Review
Vincentius Prima Baskoro,Banyak diskonya..mantap
heru wahyudi,"Gampang bookingnya, gede discont nya"
Yeni Fusfadewi,Sangat membantu
Dewi Etika,Diskon sangat bagus
Eko Budi santoso,membantu sekali
Indra Wijaya,"Waktu itu lagi liburan ke bandung dan coba booking hotel, setelah booking ternyata ada suatu kendala.. complaint pun terjadi, tapi pihak Mister Aladin dengan sabar membantu dan memberikan solusi untuk masalah saya.. Kamar saya pun di alokasikan dan di upgrade gratis.. thank you so much for ur effort...Ulasan LengkapWaktu itu lagi liburan ke bandung dan coba booking hotel, setelah booking ternyata ada suatu kendala.. complaint pun terjadi, tapi pihak Mister Aladin dengan sabar membantu dan memberikan solusi untuk masalah saya.. Kamar saya pun di alokasikan dan di upgrade gratis.. thank you so much for ur effort Mister Aladin.. Saya benar2 mengapresiasi pelayanan kalian terhadap customer "
Arif Nayla,Promony paling top  
Indry Yanie,Diskon nya beneran  
septian,terimakasih misteraladin diskon tiket kereta nya 20% .. walaupun saya uninstal lagi karena memory penuh.. tapi saya tetap rekomendasikan ke teman2 saya aplikasi mister aladin paling baik.. banyak diskonnya.. .. nanti saya instal lagi kalo beli tiket.. dan saya sudah bantu menyebarkan alikasi ini di ...Ulasan Lengkapterimakasih misteraladin diskon tiket kereta nya 20% .. walaupun saya uninstal lagi karena memory penuh.. tapi saya tetap rekomendasikan ke teman2 saya aplikasi mister aladin paling baik.. banyak diskonnya.. .. nanti saya instal lagi kalo beli tiket.. dan saya sudah bantu menyebarkan alikasi ini di medsos
rida kusardianto,mantap promonya
de e,"Asisten saya baik bgt deh kalo kita nanya dia pasti jawab meskipun ada di tiket dan saya tidak paham dia pasti jawab walaupun itu hal sepele juga, terima kasih mister aladin atas pelayanan yang nyaman dan memudahkan kita apalagi fitur asisten pribadinya "
Sri Pur,"aplikasi ini sangat bagus.... Mohon Mister aladin untuk Promo diskon Ticket kereta 200Ribu tolong di adakan kembali, Karena saya belum pernah nyoba, untuk Lebaran nih hehe Mntap Caur, apakah Pembayaran Bisa melalui Via Alfamart atau indomaret ?"
Pricillia Dewi Mega,Sangat bermanfaat bagi pengguna kereta api karena diskon yang diberikan paling besar di antara aplikasi lain tanpa syarat yang menyulitkan ataupun batas transaksi yang terlalu besar. Selama ini juga tidak ada masalah dalam penggunaan aplikasi. Metode pembayaran sekarang juga bermacam-macam bank
syahrul ikhsan,"aplikasinya oke.. lancar ga ada iklan ngeganggu.. pelayanan yang sangat sempurna (baik & fast respon) ditambah diskon diskon yg oke .... pokoknya gue rekomendasiin nih apk... tapi jadi note aja buat yg mau pesen kereta, waktu pembayaran cuma dikasih 50 menit aja.. jadi harus cepet cepet dilunasin..."
Pengguna Google,"Sangan memuaskan, apalagi dengan fitur my personal assistant yang sangat membantu. Kalau ada kekeliruan pun langsung cepat di tanggapi oleh pihak mister aladin, top bgt deh pokoknya "
Adham Zhan,Diskonnya sangat membantu saya... karena saya sering bepergian mengunakan kereta api antar provinsi... terima kasih mister
Yogi Pratama,Baik nih bro saya suka bisa bayar tiket di alfa gak kaya apk sebeleh  gua suka gua kasih rate bintang 5 nih
Dinni Diah Rodiah,Banyak promo yg besar sehingga liburan bisa booking hotel yg diidamkan dengan discont...
Nuansa Hijau,lebih murah ... lebih cepat n tanpa ada biaya embel2... keyennn dehh..
arjuna ireng,Sangat membantu... Dan discountnya kereeen banget.. Beda dari app yang lain....
Yaserita Achiro,"Best booking hotel aps. Murah, sering ada deal jadi dpt harga extra murah. Terus yg paling top cust servicenya bs lewat chat, jadi gak perlu telp, dan responsif juga."
ferry wijaya,"saya rencana mau pesan hotel, tapi begitu liat lokasi tempat hotel dan sy klik petanya di aplikasi tidak terlihat dengan jelas dimana lokasi hotel jadi sangat membingungkan. lalu untuk dekripsi hotel juga ga lengkap, apa saja yg customer akan dapatkan saat memesan suatu kamar hotel. (akhirnya sy bat...Ulasan Lengkapsaya rencana mau pesan hotel, tapi begitu liat lokasi tempat hotel dan sy klik petanya di aplikasi tidak terlihat dengan jelas dimana lokasi hotel jadi sangat membingungkan. lalu untuk dekripsi hotel juga ga lengkap, apa saja yg customer akan dapatkan saat memesan suatu kamar hotel. (akhirnya sy batal untuk memesan hotel disini dan pergi ke tetangga sebelah, mungkin lain waktu akan pesan dimari) untuk promo sy liat mmg cukup bagus. diskon lebih besar dari aplikasi travel yg lain."
Muhsin Mukiman,terimakasih mister aladin akhirnya saya dapet tiket lebaran
kris tanto,Diskonya mantap min makasi sekedar saran min kalo ada diskon juga wahana wisata nusantaranya juga min biar tambah mantap...
andi Jus,Makasih atas bantuanya..cari hotel jd lbh mudah dan murah Discount blm dapet nih
WIDYA PERTIWI,Diskon nya kereeeennn cocok buat yang sering mondar mandir luar kota buat biztrip . . .
Yudi Wahyudi,"Sangat mudah mendapatkan info transportasi baik jadwal, jumlah kursi dan harganya juga tempat wisata dan tujuan dengan berbagai kemudahannya disajikan dengan lengkap,cepat dan tepat ,semoga terus dipertahankan dan selalu berusaha untuk meningkatkan terus semuanya, oke sukses selalu."
rusdi duila doel,"Aku suka sengan mister aladin, soalnya banyak promonya."
Dolah Haddad,Mantappp bangetttt aplikasinya Banyak promonya dan diskonnya besar banget dehh GOOD... kalau bisa banyakin lagi metode pembayarannya biar lebih gampang khususnya di pembayaran tiket kereta... karena cuman sedikit...
Pengguna Google,"Pesan hotel dan tiket pesawat murah, cuma untuk booking hotel di tambahin menu jumlah tamu yang menginap, dewasa dan anak-anak, seperti aplikasi yang lainnya aq**a, dll. ditunggu tambahan menu nya, thx"
Koko Andrianto,"Bagus, promo jg banyak. Tapi cm metode pembayaranya yg kurang, kenapa gak ada klik bca? m bca? virtual akun bca? pasti banyak yg pake bca dsini. makasih."
ROG KYT,CS nya bekerja dengan baik dan juga banyak promonya . Thank you mister aladin
kekepro msykeyla,"assalamualaikum wah... bagus banget lihat murah-murah han saya suka tapi bisa pergi ke mana saja kaka ku gak pernah ke musim salju hmmm.. , tapi... aku pake saja bank klik , terima kasih y @mister aladin "
Sofyan Ardy,Diskon nya luar biasa mantap....serba murah dan gampang akses nya di mister aladin . issued ticket malem2 plus depet diskon gede Banget . thank youu mister aladin.
Carlos Matarau,"Bagus apalagi promonya banyak dan dapat potongan yg lumayan, tapi tolong ditambahkan metode pembayaran seperti transfer atau atm dengan menggunakan pilihan bank lain lagi. Tks"
susan arianti,"Sangat mudah dan cepat, sisyem pembayaran pun banyak"
Dot Drink,"Mantap, menerima saran dan kritik, dan pengananya sangat cepat, oke hbs, gk rugi meutamakan app ini diatas dri yg lain"
Sabirin Hameh,Tentang berita sea game 2019 filiphina.
Azis Maulana,"Apps terbaik untuk tiket dan hotel, namun sayang metode pemabayarannya, tidak banyak. mohon untuk di perluas metode pembayarannya."
Linda Maulana,Pergi Ke Citra Grand City.
Ahmad kamal,"memudahka mencari tiket, baik tiket pesawat, tiket kereta, voucher hotel. Dan yang pasti diskonnya gede."
Meri Sembiring,"Banyak diskonnya, cs-nya sangat membantu tq mr. Aladin"
Soedarman Sudarman,Cukup mudah untuk memesan tiket di mister Aladin
Utama Utama,promo diskonnya selalu ada dab booking tiket lion air di krm tiket aslinya dr maskapainya dan saran sy alangkah lebih baik lg kalau booking tiket pswt semua maskapai juga mengirimkan tiketnya ke alamat email si pembooking salam sukses misteraladin
yaniheryanto 115,"sangat membantu, dengan tiket yang sangat murah dan komunikasi yang sangat cepat antara adm dan pelanggan.. tank's you mister aladin..."
Adam Ferdyanto Sinatria,"mantap mister aladin paling topp dibandingkan aplikasi lain, diskon tiket kereta gede bgt !! tingkatkan selalu mister aladin !!"
mujiyono Yono,Layananya Bagus Sy pesan tiket Kereta Mudah dan Murah The Best Mister Aladin
Bolan Aryaldi,Lebih mudah booking nya dan banyak pilihan nya
ananda rahma dini,"terima kasih mister aladin, promo tiket kereta nya sangat berguna"
Frando Manik,setiap beli tiket pesawat selalu dari mister aladin. karna potongan promonya lumayan dari pada yg lain. mister aladin mantap...
Yuki Audhia,Kesekian kalinya beli tiket kereta api disini n tdk pernah kecewa. Tiket lebaranpun bs dpt tiket pulang pergi. Puas pokoknya. Cuma sayang untuk promonya skr menggunakan syarat pembayaran tertentu. Padahal pertama kali berminat pake aplikasi ini krn promonya banyak n tdk ribet
Novita Vita,"Mantul lah...mudah""an lbih baik lagi..    Cepat g neko"" ... Saran saya,mudah""an iklan di televisi di ganti ajj,kurang berbobot.. "
Mulasih Tary,"Baru mau pakai aplikasi ini, saya akan beri ulasan stelah memakainya dan akan beri bintang 5 kalau sesuai..."
Tiket Pedia,Sangat memudahkan dalam booking tiket pesawat
Isma Saputro,"Mantap mister aladin, sudah 3x dapet tiket promo. Kalo bisa tuk tiket bis juga ada Promo tiketnya dong di tambah"
Mang Oe Channel,"Aplikasi bagus, diskonan oke.. Recommended buat para traveller"
Dian Hermawan,"Ok,apalagi banyak promonya tak klop kan jadi bintang lima"
Hikmat Praja,Lebih maju lg....
Val Gregor,"Aplikasi ini susah bagus... Membuat akses booking dan memesan tiket lebih mudah, selain itu terdapat banyak diskon yang bisa dipakai, tetapi masih terdapat beberapa masalah yang ada, seperti terkadang ada kesalahan dari aplikasi seperti saat sudah membayar di alfamart tetapi ternyata di aplikasi ini...Ulasan LengkapAplikasi ini susah bagus... Membuat akses booking dan memesan tiket lebih mudah, selain itu terdapat banyak diskon yang bisa dipakai, tetapi masih terdapat beberapa masalah yang ada, seperti terkadang ada kesalahan dari aplikasi seperti saat sudah membayar di alfamart tetapi ternyata di aplikasi ini dituliskan bahwa transaksi tersebut gagal, sehingga membuat uang yang sudah dibayarkan sia-sia, sehingga lebih baik diperbaiki secepatnya tentamg sistem ini."
aliah pakalolo,Lebih murah dr yg lain
darmawi awie,Sangat memuaskan
ami gustaf,"Aplikasi yang sering saya gunakan untuk membeli tiket n pesan hotel, selain gak ribet harganya juga murah dr yg lain belom lagi ada voucher diskon lagi...pokoknya recomended bgt"
Wj Siswanto,"Mudah dipahami dan cepat cara penggunaan aplikasinya, so sll ada discount-nya."
Mas Boy Ajah,"Saya beli tiket selalu dapat discount, jadi jgn hilangkan program ini, sebaiknya dilanjutkan dan ditingkatkan  "
Abdulaziez Mufakhhir,"Diskon tiketa nya paling mantap di banding yg lain, di pertahankan yah, jgn sampe di turunin"
deni purnama,Joooooos...mantep discount kereta apinya...kelas eksekutif harga bisnis.....kl bisa tambahin lg discountnya....
rahmat afifah,Promo spesialnya gila gilaan.. Ga ada tandingan nya.... Mister aladin mantul...
Hendra Mahaputra,Diskon tiket kereta api terbesar dari aplikasi lainnya tanpa tibet
Backry Montero,"Respon cepat , dan operatornya baik... Mantap Mr. Aladin. Terima kasih  "
Perwira Pandu,Miraaaaah bangeeet
Kasno Kasno,Mudah bokingan
virus ajaib,Selalu beri diskon yang murah2 mister aladin..
Harith Husin,"Promonya utk tiket kereta dr malang ke Jakarta,luar biasa potongan nya,discoun nya..."
irwan darmawan,"Potongan Harga setiap Hari khususnya Kereta Api,pertahankan terus Mister Untuk potongan Harganya."
Lada Wijaya,Alhamdulillah.... Ni aplikasi mantap bisa kasih potongan harga gede....
Ria Lesmana Official,Harga nya benar2 murah dan sangat membantu dlm pemesanan tiket.
Rinest Tambayong,Pesen melalui teman ticket kereta api dapat discount...jadi tertarik download
subi yanto,Sangat membantu utk perjalanan kami
Setyo Victory Channel,lumayan lah...cuma agak ribet ordernya
indra gunawan,Terimakasih mister aladin.. promo ny bermanfaat sekali.suksed selalu buat misyer Aladin
Fachri Putra,Promo tiket kereta api nya mantap !
XQPROX GTP,Harga hotelnya hrs lbh murah dr yg lain
jihan makaila,Buat yg paham ..aplikasi ini bagus
Lina Sari,promox mantap...sukses buat mister aladin
Wisnu Ramadhani,"mantap, banyak promonya.."
murtini sukarno,Mudah memesan
Joey Sharma,Mantabs...mudah di gunakan
didik sudarsono,Saya suka dan layanannya cepat
Embe Dombabogor,Sangat memuaskan 
Wisnu Wardana,Sangat membantu
Satria Mukti,"Bagus, tingkatkan terus"
Indah Rindayani,"Bagus,puas dan benar"
Danang Pambudi,Aplikasi bagus n byk promo
MJA ONLINE,Sangat membantu sekali
Hanah Nurbaeti,Banyak promo gede gedean
Ivan Ferdiansyah,Pelayanan sangat baik
wisnu mutiara,Disc kereta api nya mantab pake cc mnc
Ririen Soemardji,Sangat memuaskan
aggnaro sp,"harga paling murah karena ada diskon2 jauhhhhh murah dr pda traveloka apalagi agoda dan banyak ketersediaan kamar disaat app lain ud full disini masih ada dan harga miring bgt,good job"
Zaldy Muhadin,bagus.. tpi tolong sistem pembayarannya di sediakan trasnfer via m bangking dgn rek virtual dong.. repot saya klo ke atm mulu..
Rama Dian,Sudah berlangganan.....
sony aprizal,"very good, discount hotel dari app dan discount hotel dari voucher ,mister semoga sukses ya"
Sultan Sasmita,"mantap, semoga tambah banyak promonya"
Sapto Maulana,"sangat membantu dan mudah dijelajahi,, tidak seperti aplikasi sebelah yg tanggalnya ready setelah dipesan ternyata penuh."
Tri Tri,Sangat bagus d gunakan dan cepat tanggap kalo ad masalh tau pun keluhan pelanggan
felix kurniawidi,Sangat membantu dlm pemesanan hotel banyak diskonnya
munawar almansur,saya berhasil install dan saya suka dengan promo tiket kereta april yg mantulll...
bayu artiyanto,Aplikasi sdh bagus.. Mohon ditambahkan fitur utk pemesanan tiket pesawat & reservasi hotel internasional
eko Wahyu sardiyanto,Perbanyak promo - promo akan jauhh lbh baik
David Scooter,"Aplikasi sangat bagus, sayang untuk tiket kapal laut Pelni & kapal Ferry tidak ada"
Khalida Kumalasari,Sangat menguntungkan dan bermanfaat karena ada diskonnya! dan aplikasi juga userfriendly. terimakasih.
Andika Syaputra,"Emang sudah terbukti tiket kereta di apk mister aladin emang paling murah, seblum pke apk mister aladin saya sering pesan tiket ka di Tr******A diskon nya msh besar di apk mister aladin."
Pengguna Google,Bagus jadi enak dong kalo liburan pokoknya bagus deh yang gak download pasti nyesel pokoknya aplikasinya bagus
Hayday Ayda,Saya terbantu karena bisa mendapat penginapan dengan harga murah namun kualitas oke
Hafil Suryana,"sangat menguntungkan pakai Mister Aladin, Mantaf... diskonnya lebih besar dari yg lain"
Tisa Ayunda RN,sgt membantu & promonya besar. tp mohon pilihan metode pembayaran diperbanyak ya  terimakasih
Asri Aisyah El Zahra,Semangat aplikasi buatan anak bangsa 
Bambang Pramesta,cukup membantu untuk pencarian tiket kereta api & boking hotel...     
ipat patimah,"cari tiket jdi sangat mudah, harga jga terjangkau banyak promo2. Mister Aladin TOP BGT"
Wiwid Angel,"Bener"" dapet diskon gede, ak udah voba, puasss... Terima kasih mister aladin"
andi ami,"saya mengapresiasi bookingan yg saya lakukan mantap,hanya saja tdk ada bank BRI atau briva saat mau transfer..juga discountnya mantap"
Erwin Sirojudin,Pengalaman Pertama Booking tiket KAI langsung dapet Discount gede-gedean.Mister Aladin adalah Aplikasi yg memudahkan sy utk pesan tiket dan Hotel.RECOMENDED BANGET
SENA SENDRA,"sangat membantu saya,tanpa mengantri....dan tdk bnyk membuang waktu..."
Anis Habibah,"Bagus kali la ini aplikasi, paking banyak pula diskonnya"
sonia asihsejati,Promonya luar biasa! Keren dehhh
Ety Kusuma,"thanks Mr Aladin...dari awal pakai, semua begitu mudah dan tidak mengecewakan."
Abepura DA,Mantap! Diskonnya gak banyak syarat. Syaratnya cuma minimal belanja aja 
BRAVO HYPER,4 bintang dulu ya
Pengguna Google,sampai hari ini masih oke oke saja saya pesan tiket. metode pembayaran nya tolong d tambah. tks
ferry barokah,Mantap promonya lebih dari aplikasi sebelah thanks mister aladin
widodo agung,Aplikasi mudah diimplementasikan
mas tedee,Joss pokoknyaâ€¦
Yamin Karna,senang menyaksikan berita yg akurat dan dpt dipertanggung jawabkan.
ika wijaya,"untuk pembelian tiket kereta api disini juaranyaaaa, pertahankan!!!"
Sarila Ila,"bagus lebih murah daripada aplikasi lain,ada diskon promo juga"
Dwi Ariyanto,aplikasi yg sangat membantu. diskon nya juga banyak.. thanks
faidatul ku,"Banyak diskonnya, terimakasih yaa  "
SARMAN S Si,"Mantap pokok,,, aku suka"
agus triyono,"Jempol ae lah,"
Fadhli Yusuf,baguss.diskon kai 20% sukses. pmbayaran credit card dgn debit online lncar. sukses trus bnykin promo y
Andryana Raisa,harga murah.bnyak promo.smoga habis di update makin bnyak lg promo
CHENNEL ATHOMAS4126P THOMAS,mister aladin hotel aladin murah loh downlod mister aladin luncur tkp
Pengguna Google,Sangat bagus hasil yang di dapat sesuai dengan uang yang di keluarkan.
Via Rahmadani,"mungkin ini sangat baik...dan mudah""an bnyk membantu"
Yudiko Riniko,"Makasih mister aladin, bagus buat penjagaan susah beli tiket."
Sutini Adi,shiip...banyak promonya
REZA KUMOLO,"Nice promo, tapi metode pembayaran adakan transfer bank dong agar user yg biasa transaksi via transfer atau virtual Account gak kabur  "
Bilal Saputra,Mantap aplikasi ini...
Pengguna Google,Recomended. Tolong diskonnya dibanyakin lagi.
Madrowi Owi,Promo tiket keretanya oke banget
Hajaj Nsjajs,saya ksi bintang 5. bantu saya nanti buat cari tiket pesawat murah
Matahari,pernah booking buat acara kantor lewaat mr.aladin..harga bersaing dan ok
sri damayanti,Mudah dan banyak promo nya
ty sumadihardja,Mantap ..diskonnya berasa buat travel
Mohammad Akmaludin,saya sangat mengucapkan trimahkasih atas diskon kereta nya yuk download gk download nyesel loh
L3l4kiku l4kiku,mau coba mister Aladin siapa tau mendapat kenyamanan dan kepuasan
endro tyatmoko,"Membandingkan diskon/cashback dr bbrp penyedia, mister aladin yg paling ok.  "
Viera Berliana,"senang mengenal mister aladin ini, terpercaya dan selalu terdepan"
Lambert Johan,Aplikasi perjalanan alternatif
Bayu Yulastio,Diskon dan promonya gak bohong sampe kaget pas liat dan merasakan diskonya     
Lia Yulia Arivin,Penawaran & layanan baik
anton sawil,Recommended banget lur  
Imam tetap semangat,nyoba dulu klo bagus tak tambahin lagi bintangnya
Kainun Najib,Bagus banyak promo ..
aniestz smith,"bagus,, banyak diskonnya,, sangat membantu."
zal dzikry,cash backnya keren  .....klo bisa lbh bnyak lg.
esti kotiningrum,Blm pernah ini baru coba
encep lopeselawase,"tiket pesawatnya mahal"" masih murah di trafeloka"
Mia Damyanti,promo tiket kereta apinya jos bgt...minimal beli nya lumayan kecil lg
Wandi Ismail,"coba dulu ya nanti klw bagus kasih bintang pull, ok"
Alvi Pratama,mesen kereta 2 kali make ini dan diskon guede skali sampe kena diskon 90rb
Ricky Heryanto,Harga nya bagusss...
rahmat satriyo,sangat mambatu mencari tiket murah dan banyak diskon
Wono Satoru,Banyak kupon diskon
Akbar Rizki,mantap diskonnya paling besar.. terus kasih diskon besar ya mr. aladin.
Faizal RF,harganya paling murah dibandingkan aplikasi lain
Waluyo 1,mantul...murahnya...
Emmy Nurmulat,Memuaskan krn lbh murah
eka setiawan,Bagus aplikasinya thanks
Vita Vita,harganya lebih murah di banding aplikasi lain
eddie pamungkas,Promo ya seruuuu .    
mzss tocool,Selalu ada disconnya
Topiq Nur,Banyak promo nya
Isabella Tyiowanda,harga sangat kompetitif dibanding yg lain.
Rushadi Yanto,Aplikasi bagus buat beli tiket. Terima kasih
Dwi Hariyadi,aplikasi bagus dan banyak promo nya
Herman Heri,Dapat banyak info dicount
egie alviansyah,sangat bagus dan memuaskan dan banyak diskonya
Bi Pi,selalu memberi harga yg pling murah. ...
mk aditya,Sangat membantu
Heris Man,Sangat membantu
yuwan ramjada,sangat membantu
Rahman Respati,Cb dulu yee...
cpy Haryanto,Murah dan aman
Yunita Sari,diskon nya paling banyak di antara app lain
Abas 21,aplikasi yg bagus saya sangat suka
Nur Annadi,top.. banyak diskon. lanjutkan
Dede Rosadi,"Bookingnya gampang,beneran diskonnya"
Pengguna Google,Sigap untuk mengatasi komplen dari customer
sepsiana chotimah,banyak diskonan nya.  suka banget.
Satria Dydhan,Murah dan nyaman
Asima Wahyuni,Boking tiket.....aladin aja....
Mariatul Annisa,Paling banyak diskon tiket kereta api nya
Tiketku Muncul,bagus bisa lihat ketersediaan seat
Rono Puspito,Sangat membantu
Pengguna Google,"Baru instal,klo bgs ditambah lg bintangnya"
Budi Nurwahyu,Sigap dan mantul
Gustaf Nibe,Jalan pintas biar Hemat
Setyo Utomo,diskon berani besar
Gunaone Tri Suwarno,Sangat membantu
Pengguna Google,mantaaappp cs responsenya cepet Dan membantu sekali menjawab2 pertanyaan
Pengguna Google,Lumayan bagus. cepat lodig y
Pengguna Google,Paling top diantara yg lain
Herman,semoga bisa membantu yg terbaik
keishaspam keisha anindya ariyanti,Enk bngt dan nyaman
Wafaahya Ahya,gak bisa di Download gmn iniii....
anna ajjah,"memuaskan, harga ok!! "
Pengguna Google,Pengalamanku wkt pesan hotel full tp Berkat Mister Aladdin masih bisa dapat  
Adi S,"Bagus, harganya bersaing"
Bagus Susanto,serius murah tiket keretanya... diskonnya top
Ngadi ono,mantul...cma pembayaran virtual acunt bca belum ada...
bangun firdaus,Mantap ... banyak promonya
Wiwin Widiawati,mudah... sangat membantu
Ferani Aqsa,saya mau mencari dri belitar ko tidak ktmu ya
dugel suji,semoga bermanfaat maju terus
Farid Gamingâ€¢,Baguss bangettt ngentod
johanes tenriraja,Harga menentukan pilihan
hari prasetyo,bagus lbh mudah digunakan
arif rahman hakim,Aplikasi sangat membantu
ayudia ayudia,Selalu ada jalan dengan mr aladin  
mekahnusantara official,Kasih 3 dulu
Bernardus Adji,cukup membantu untuk mencari tiket
Clara 30,Sangat membantu
Hermin Ningsih,"terima kasih, cari tiket jadi mudah"
Febri Djavianto,Istimewa..banyakin Promo dan Diskon nya dong
Titus Ahiung,sangat membantu perjalanan saya..
Supriyanto Nurmarsito,"Sudah bagus neh app, discountnya juga oke"
hendi Susanto,belum pernah dikecewakan 
Sun Nardi,Sangat puas.trimaksih mister aladn
Pengguna Google,Mantap..sangat membantu saya..
Zaenal Ahmad,aplikasi yg paling gue demenin...   
Taniaeka Safitri,Sangat membantu sangatbagus misteraladin
Erna Jedi,Sangat membantu dan cukup lengkap.
adriano yusuf,aplikasi yang bagus untuk akomodasi saya
vadra wijaya,Aku mau pergi ke linggau
Asep Tri,good aplikasi... recomended
Sholahuddin yazid,Murah tiketnya banyak potongan
Fadli Arif Baqosih,bagus dan terpercaya
Muhammad Sidiq,selalu jadi aplikasi Terbaikkk...   
Romdhan pananggungan,seru kalau kamu donlod ini
Id Jah,Blm seratus persen hslnya
Kurniawan,baru mau coba aplikasi ini
Rifan Hakim,Liburan lebih murah   
Hendra Anas,Mantap aplikasinya......!!!
Kunjara Raya,keren   semoga lancar terooss diskonya ajib bener aladin
Thinny Marz,promo tiket kereta banyak bgt
satria januarto,Diskonnya mantap
krisna label,Sangat membantu traveler.
Abdul Rohman,"saya yakin, ini bagus"
Kusnadi Tamin,sangat bermanfaat buat saya
Hidayat Sapari,"Bagus, dapat diskon lagi,,,"
batara indra,coba empat dulu...
dj onyonng onyonng,sata suka mister aladin gapang pesan holel pesawat
endro martoyo,Promo sangat menarik
Alexander Nainggolan,cocok untuk traveling
Renal Alfian,terimakasih memang juara mister aladin majun ğŸ¤²
Nikmahnur Azizah,banyak promo menariknyaa
Rizkia Ananda 21,Harga Promo Nya Aseli Mantap  
sumarso marso,sangat puas atas diskonnya
cahyo wied,Sangat bermanfaat
wawan nofiyanto,Mantap banyak diskonya
Helmi Wibowo,kumaha weh lah amal mah mere bintang 5 ge amal
Samuel Agung,banyak diskonnya
Rahmat Widianto,Nice promonya!
Pengguna Google,semoga berkah
Y. Astyowati Wahyuningtias,Siap di coba
Wila Hidayat,bagusssssss.tp blm prnh booking.hehee
REZA TRI MUKTI,Ini kayak di dipi bukan
Jeli Novitawati,sangat membantu
Dziky Ravi Tama,promo kereta nya maknyus
Solih Mohamad,sangat membantu
Iwan Setiawan,bagus dan baik
yosep poernomo,pertahankan diskon nya  
Widho Eko Darmoko,sangat membantu
Boedi Cumi,sangat membantu
Norma mhikmah,sangat membantu
Arie Abronie,br coba nih aplikasi...
Anung Harijanto,Seneng sama diskonnya
eva agustin,Keyen banyak promo
Andreas Yunianto,"baguss, dan promo besar"
Riez Mahardika,aplikasi yg ckp membantu
radmoko nugroho,Mantap sekali
Andi Surya,harga tiket lebih murah
Bowonatadika Natadika,sangat mudah dan nyaman
Ilham Akmaludin,"Mantap anjing, yes"
Linda Kusumo,bagus..banyak promonya
Nouvo Tangsel,Diskonnya mantabs
Pengguna Google,mister aladin bisa pesan sekarang waw
Pengguna Google,Juara!
Dwi Juni Muhammad Sabur,baguuuusss buamgeeettt......
Weldha Novita A,Kecewa metode pembayarannya dibuat susah. Ga niat berbagi dalam rangka ultahnya! Coba kalo bisa dengan transfer bank. Dua kali dapet harga hotel 99 ribu tapi yasudahlah numpang lewat saja.
wini then,jangan di instal pasti nyesel. mister aladin berkerja sma dg hotel untuk menipu para pembooking hotel tidak sesuai gambar yg di tampilkan mister aladin. saya komplain malah mister aladin tidak bisa bantu memamg sudah kerjasama untuk menipu. kecewa booking disini. jangan sampai pada jadi korban kaya ...Ulasan Lengkapjangan di instal pasti nyesel. mister aladin berkerja sma dg hotel untuk menipu para pembooking hotel tidak sesuai gambar yg di tampilkan mister aladin. saya komplain malah mister aladin tidak bisa bantu memamg sudah kerjasama untuk menipu. kecewa booking disini. jangan sampai pada jadi korban kaya gini . saya saja langsung uninsal
pemusnah,saya pribadi sebagai agen travel jengkel bin kesal dengan aplikasi mister aladin ini.. ceritnya ada org yg mau pesan tiket rute LOP-TJQ di aplikasi harganya 1.276.000 saya dan pembeli deal dengan harga segitu setelah sampai di menu pembayaran malah di naikin menjadi 1.418.000..sebagai agen yg jujur ...Ulasan Lengkapsaya pribadi sebagai agen travel jengkel bin kesal dengan aplikasi mister aladin ini.. ceritnya ada org yg mau pesan tiket rute LOP-TJQ di aplikasi harganya 1.276.000 saya dan pembeli deal dengan harga segitu setelah sampai di menu pembayaran malah di naikin menjadi 1.418.000..sebagai agen yg jujur saya ttp bertanggung jawab dan rugi hampir 150rb.. dgn hati kesal saya booking tiket lewat aplikasi sebelah dgn promo yg lbih besar untuk meminimalisir kerugian saya.. sudah promo pas-pasan mntok 50k
Mas Hendi,"diskon kereta api jadi cuma 15% dulu 20% malah terkadang gk ada sama sekali, gk rame ah turun bintang 2 skrng"
ade irwanto ade irwanto,Kalo bisa tiket bis luar kota ada seperti sinar jaya pahala kencana Lorena DLL
Heni Chaniago,No comment. Really Disappointed ! sudah booking hotel. masa vouchernya tidak terbit. untung saya hubungi hotel nya sebelum tanggal booking. kalau ga ludes uang gw. kamar pun bisa full. parah ! harga mahal pula.
Poetra Den,Kemarin ketinggalan pesawat. Dr pihak mister aladdin tidak ada biaya refund lg karena terkena admin. Padahal 10% masih ada. Memangny tidak ada ktentuanny.?
Cuang Alang,Hallo kok pernerbang ke luar negeri kok ngk ada aplikasi kuno ya
gusti bayu,"saya baru mau nyoba voucher mr aladin dari samsung gift, tapi keterangannya VOUCHER ANDA TIDAK VALID, padahal baru aja diambil, gmna jadi min ??? kalo udah di perbaiki saya bikin bintang 5 min"
Fanindi HS,saran perlu penambahan fasilitasi sms atau internet banking tuk permudah transaksi
Hedy Novelia,Mau pesen tiket kereta malah bacaan nya rute tidak ditemukan terus hadeuhhhh
romz digitized,"Aplikasi bodoh, sistemnya ancur dlmnya.. SUPER MAHAL SMUA, BEDA DR PEGI2 & TRAVELOKA.. NYESELLLLLLLLL, mnc smua mahal"
Denisa,Diskon tidak ada yg menarik
Andi Aryan,Bintang tiga dlu soalx jarang tiket promo
adung adung,mister paling susah mau refund tijet peswat nga di ladenin percuma ada plikasi asisten... merugikan sangat akhir tiket saya hangus... jera dan kapok
Bayu Waskitho,kenapa kalau buka history pemesanan sangat lama yaa?
muhammad 345,saya ksih 3 bintang dulu klo bagus saya bintang lagi
Fu'ad Abdurrokhman Putra,Belum update jadwal kereta September 2019
Ade Eva,Aplikasi nya lemot...gak rekomended to yooouuu....
Ahmad Nurjanah,Suruh update tapi susah
Agus Nur Ichsan,Diskonnya sudah mulai pelit... di batasi
Andri Bandriyono,payah....data udh bener tp ga bisa pesen ..
Zhandy Putra,Tolong app nya melampirkan history bokingan agar bokingan kita yg sdh terbooking namun blum dipayment mash bsa diliat
nani amani,Bandara Kertajati Majalengka belum masuk list
Danang Prasetyo,"tolong tambah VA Bank lain (Mandiri,BCA,BRI)"
Andre Pratama,lokasi susah untuk ditemukan. hufftttt
Elly Tanjung,masukan proses chek system dan booking mohon dipercepat
Danang Widarto,Promonya gak seperti dulu
Pengguna Google,Metode pembayaran kurang mendukung
raretno wijayanti,kenapa eror gak bisa dibuka?
Diyah Cahyaningrum,saya sudah trans saki malah Tiket pembuktianya malah menghilang
Septyan Junot,login lewat FB ga bisa..lewat email..ga bisa
Juwitaaa Kim,Jelek banget gabisa digunain apl bgsd
Sigit Bahari,tolong disertakan dlm bahasa indonesia
Micha chan,kok ga ad bandara kertajati?
sasi kalanera,"PARAH GW BOOKING HOTEL BUAT ORTU, UDH GW BAYAR TAPI ILANG GITU AJA BOOKINGANYA ANYING"
Malika Rangkuti,metode pembayaran nya kurang banyak
Firman Junaidi ST,"Tidak baik, tidak banyak membantu"
sasi kalanera,"kambing, d apdet malah ga bsa log in"
yuli anto,"Aplikasi sangat berat dan lambat,."
Siti Hodijah,promonya tiket pesawatnya kurang mantap
PratiwiToding Tandiseru,rute tujuan makassar kok ngk ada
Bima Putra,Ko tdk bisa pembayarn lewat alfamart dipilahan pembayaranya tidak ada
Denaya Gabrielle,Loding terlalu lama
Sri Ayu,bosan mahal
Gusti Ardiansyah,kalo boleh diskonnya seperti kemarin
Hendra Polonia,Sangat mengecewakan..
Apriansyah Apriansyah,"tingkatak promonya, and aplikainya d percepat"
aiu novv,diskon hotel diperbanyak dong
Hendry Iswandi,pembayarannya susah dam ribet. uninstal maav
Heri Waluyo,"Mohon maaf sebelumnya cuma mau kasih saran aja,  klo mau tambah maju sukses menurut saya ini aplikasi mohon maaf  klo bisa nama Mister Aladin sama iklan nya mohon diganti aja kurang bagus tdk menarik, Mohon maaf sekali lg cuma saran aja, semoga aplikasi ini bisa memberi manfaat utk smua ora...Ulasan LengkapMohon maaf sebelumnya cuma mau kasih saran aja,  klo mau tambah maju sukses menurut saya ini aplikasi mohon maaf  klo bisa nama Mister Aladin sama iklan nya mohon diganti aja kurang bagus tdk menarik, Mohon maaf sekali lg cuma saran aja, semoga aplikasi ini bisa memberi manfaat utk smua orang, SUKSES BOSS"
el Junior toys,Sejak di iklanin di tv. Diskon keretanya udah ga pernah ada lg..jadi pindah ke sebelah aja
Feryl Feryl,Mahal harga nya dan pesawat nya tidak ada pilihan...
seffya ayay,ko susah mau pesan gak bisa malah disuruh cari tiket terdekat
Idris Apandi,"Saya baru pertama melakukan transaksi pakai aplikasi. Saya sudah booking tiket kereta api dan sudah saya bayar di alfamart. Tetapi etiket belum juga dikirim dan hanya disuruh untuk menunggu tanpa kepastian. Tolong diperbaiki sistemnya, atau kasih konsumen kejelasan. Setidaknya cs harus cepat tanggap...Ulasan LengkapSaya baru pertama melakukan transaksi pakai aplikasi. Saya sudah booking tiket kereta api dan sudah saya bayar di alfamart. Tetapi etiket belum juga dikirim dan hanya disuruh untuk menunggu tanpa kepastian. Tolong diperbaiki sistemnya, atau kasih konsumen kejelasan. Setidaknya cs harus cepat tanggap dengan komplain konsumen."
AGUS SETIONO,"Sering Promo tapi PHP. Ngeluarin kode promo tapi invalid pas dimasukkan kode promonya (padahal masih di awal jam promo, udah dibela-belain nungguin jam promo). Tiba udah bisa masukkan kode promo keterangannya malah kuota habis. Sebenarnya niat ngasih promo nggak sih, atau cuma mau ikut-ikutan OTA se...Ulasan LengkapSering Promo tapi PHP. Ngeluarin kode promo tapi invalid pas dimasukkan kode promonya (padahal masih di awal jam promo, udah dibela-belain nungguin jam promo). Tiba udah bisa masukkan kode promo keterangannya malah kuota habis. Sebenarnya niat ngasih promo nggak sih, atau cuma mau ikut-ikutan OTA sebelah aja... OTA sebelah sih jelas promonya REAL PROMO not MYSTERY, gak PHP kayak kamu Mister."
Lia Puspita,"Saya kecewa dengan pelayanan, tidak bisa melakukan check in di hari keberangkatan menyebabkan saya harus membeli tiket kembali, tidak ada konfirmasi jauh2 hari untuk tiket keberangkatan saya tidak bisa check in, di layar tertulis times out, padahal saya sudah melakukan pembayaran sebelum batas waktu...Ulasan LengkapSaya kecewa dengan pelayanan, tidak bisa melakukan check in di hari keberangkatan menyebabkan saya harus membeli tiket kembali, tidak ada konfirmasi jauh2 hari untuk tiket keberangkatan saya tidak bisa check in, di layar tertulis times out, padahal saya sudah melakukan pembayaran sebelum batas waktu pembayaran....."
M Holil,Ahh gimik doang diskon nya
Akhmad Zaenul,Ga ada diskon lagi
jul indra,Tiket pesawatnya minim promo
aqeela nabila,Kenapa skrg kecil discountnya... Saya selalu tiap bulan langganan beli tiket kereta di sini. Bener2 bisa memangkas budget karna Bulan kmren tiket kereta masih discount 20% tanpa maksimum discount 75000. Skrg cuma 15% maksimum 75000. Sedang sekali beli saya 3-4 orang Pp
Dwi N.P Sawaki,"Mf ksh bintang 4, soalnya aplikasi ini hrs di daerah yg berinternet kencang, klo kita di Papua hrs nunggu lama loading hnya untk ngecek harga, klo cm 3 aplikasi sebelah msh stabil saja. Thanks"
Endah Tri Utami Semito,"Ga bisa daftar karna nomer HP harus 9 digit, gimana ceritanya coba 12 ke 9... mau nya di donlot tapi udh di donlot malah gabisa daftar, aneh"
Rudi Awirana,Menyesal sangat download aplikasi ini. Update trus app nya. Harganya lebih mahal di banding app sejenis. Uninstall
Michelle love,"Gak bisa reschedulle , padahal pihak hotel sudah menyetujui karena masih ada kamar yang sama. Beda sama Tr*****k* meskipun dpt promo epic yang diskonnya 80% tetep bisa reschedulle."
Teguh Pamungkas,"Aplikasi cuman mau untung kuota aja,tolong kerja aplikasi yg jujurr bukan nya di bikin rugi custamer dengan cara loading aja dan tidak dapat hasil dengan baik. Boros kuota wifi saja. Dan RAm HP"
Masduki Jakaria,Udh minim promo diskon lagi
Matteo Ricci Dwi,mana promo KAI nya?
Eti Sugianti,Diskon nya atuh
Beny Siswanto,"belom juga pake buat beli tiket apapun, sekalinya buka aplikasi minta update mulu. Makasih deh"
Agus Sugus,"Mau tanya,gmn caranya proses utk mendapatkan tiket pesawat/hotel&bisakah dibayar kredit satu bulan,mhn tanggapannya."
Asti Perdani,Minta update mulu sih iniaplikasi baru juga donlod sehari minta di update trus blom seminggu minta update lagi udah gitu fitur searching hotel per daerah kurang spesifik
muhammad zainuri,"tolong ya iklan mister aladin di televisi jangan selalu pakai bunyi handphone, bikin orang kaget ngira handphone bunyi ngga taunya iklan. bikin reputasi ni aplikasi semakin jelek. payah"
Surya Ariatma,Diskonnya makin menurun
Ahmad Hakiki,"promo tiket keretanya ditambah donk jadi 25% atau 30%, dan minimal untuk 2 sampai 3 kali penggunaan untuk per periode promonya"
azmi makruf,Register dengan nomor hp selalu ditolak dengan sebab angka nomor nya kurang' padahal kode erifikasi sudah dimasukkan
Arief Fauzi,Promo kereta api khusus pemegang kartu kredit.......gak semua orang punya kartu kredit..
Aldebaran Chandra,"Maaf menunggu lama, masalah sudah teratasi. Dan tentunya, promo menanti."
Ardiansyah Ardiansyah,Perlu perbaikan. Saya selalu gagal membayar dgn mbanking. Harus pakai kartu kreditbaru lancar
Danang Widarto,Diskon an nya udh gak seperti dulu payah..!!!
agustina diana,kebanyakan hrs update aplikasi dipake aja hampir tiap minggu
Dian Anggreni,Saya udah register nomer verifikasinya kok eror min9 digit ya?
Ardyan syah,"bagus, tapi masih ada bug kadang mencet pesan kamar malah loding terus hilang gtu terus hedeh mohon di perbaiki"
Puspista Fajar,Terlalu sering update.....br kemarin di update sekarang update lg...gak asyik
Calvin Lie,Semua nya mahal. Agoda jauh lbh murah.heheehe
adityo laksseno,"Mau pesen di whiz hotel cilacap susah amat,ksh promo tp ga bs pesen."
Muhammad Syaroni,Registrasi saat masukan no.Hp gagal trus. Perbaiki lah !.
Ezra Noviani,Harus banget di update.. Nggak bisa update latter ck
Agnes Hutapea,Seringin diskon dong seperti yg lalu lalu.
Yusral Hendrianto,Belum ada travel untuk Bis seperti traveloka dan bonus yang lebih menarik
davit eben,"Jelek aplikasi nya ga bisa di buka,pembohong"
W. Febri,Error aplikasinya. Promo tidak bs dibayar di alfamart
Rafly Arifudin,Gak ada tiket bis dikira di apk ini ada tiket bis nyata nya gak ada huft maaf ku uninstall lagi apk nya
Mulyato Notonegoro,"Keseringan update, klo diskon paling gede sih"
Hanafi Santika,Mau verifikasi nomer aja susahnya minta ampun
Yunita Sekararum,Terus aja minta di update
Abdoel Sobur,Error minta update tapi gaada update di playstore
Dren Heartstar,"Taik lah,kode promo gak bisa dipake"
Sudiyono Sastro,Pembayaran pakai internet banking BRI bisa gk
Anik Bengkulu,"Banyakin promonya dounk,jangan iklannya aja dibanyakin.Cuma kasi PHP doank.."
Aggita Rossa,Aplikasi apaan ga bisa booking yang jauh
Siti Soleha,Baru jg download udah ada notif update aja 
muhammad al azhar,Gak ada hotel dijakarta selatan payah
elsa rizky,Baru update seminggu..suruh update lagi
Piconk UOZY,"Aplikasinya gak simple, parah susah. Seharusnya sistem aplikasinya buang semua. bikin yg baru aja, simple n gak ribet. Liat inovasi siatem tetangga sebelah. Jauh lebih menyenngkan utk beli tiket atau hotel"
Tuppence Win,"Sebenarnya paket-paket hotel yg ditawarkan dan diskonnya sgt menarik, sayang sistemnya belum bisa mengimbangi app lain, sy book hotel sdh transfer uang, tp di sistem mereka tdk masuk, butuh waktu 2 minggu lebih untuk refund dan mesti rajin2 follow up ke cs/travel assistance nya.. Semoga ke depan leb...Ulasan LengkapSebenarnya paket-paket hotel yg ditawarkan dan diskonnya sgt menarik, sayang sistemnya belum bisa mengimbangi app lain, sy book hotel sdh transfer uang, tp di sistem mereka tdk masuk, butuh waktu 2 minggu lebih untuk refund dan mesti rajin2 follow up ke cs/travel assistance nya.. Semoga ke depan lebih baik lagi. Terima kasih."
WBA SPEED READING JAMBI,Belum pernah coba diberi 4 dulu
edi supardiono,Tiga az dlu sering loading ah
Samsuri Fryansyah,Kurang memuaskan
annisa nisya,Aplikasi buruk dan mahal
anataya anataya,Promo.kurang menarik
Anita Suzie,Jangan sebentar2 update aplikasi
Arif Rakhman,"Kecewa sma aplikasinya, padahal udah pernah pake dan lancar g ada masalah pas yg kedua kali pake malah bkin kecewa, ""kronologi beli tiket k sby lwt aplikasi dan bayar lewat alfamart, dari alfamart keterangan transaksi berhasil tpi d mr aladin malah failed, udah kirim bukti struk alfa.a dan d suruh n...Ulasan LengkapKecewa sma aplikasinya, padahal udah pernah pake dan lancar g ada masalah pas yg kedua kali pake malah bkin kecewa, ""kronologi beli tiket k sby lwt aplikasi dan bayar lewat alfamart, dari alfamart keterangan transaksi berhasil tpi d mr aladin malah failed, udah kirim bukti struk alfa.a dan d suruh nunggu trus tanpa ada kepastian"", fix w kecewa duit w melayang mending pke aplikasi seblah g ada diskon tpi aman dri masalah bginian, makasih"
Azzam Mushab,Saya mau pesen htl Saya g tau klau yg saya pesen tgl 8 saya mau pesen tgl 7 biasany klau aplikasi lain langsung pas tanggal ny kita g usah ganti saya langsung booking ini jebakan kayanya..mau d batalin g bis klau aplikasi lain bisa d potong berapa persen
Benni Dektus,"benarkah. tidak. ada. uang. , tidak. ada. Mr. aladin. lalu. berapa. rupiah. ongkosnya."
ifulz cipuluz,Kadang susah memboking....
Er Glorita,banyakkan harga promo
Diah Purbo,Diskonnya sih beneran gede banget tp mbayarnya kok ga bisa via VA M-BCA.. jadi harus ke Indomaret apa Alfamart dgn selisih waktu yg sangat mepet hanya setengah jam saja..kepontal2 jadinya..Tolong deh dipermudah untuk pembayarannya biar bisa VA BCA juga.
Alfari Rigen,"Min knp sy mau cari jadwal/tiket kereta selalu muncul ""Rute tidak tersedia"" padahal jelasÂ² rutenya ada di app KAI, internet juga oke g lemotÂ² amat. Solusi? sy sdh coba hpus data ttp saja"
AF log aluna,Kecewa.. krn konfirmasi kode booking d email dan d aplikasi beda.. hrs ny d samakan krn ga smua org mengerti untuk buka email.. kn pk aplikasi jd sy lihat d aplikasi..pas d stasiun kode tdk bs dpke pdhl wkt mepet.. alhasil beli tiket lgsg d stasiun..komplen k cs..hangus..jd merugikan..tolong dperbai...Ulasan LengkapKecewa.. krn konfirmasi kode booking d email dan d aplikasi beda.. hrs ny d samakan krn ga smua org mengerti untuk buka email.. kn pk aplikasi jd sy lihat d aplikasi..pas d stasiun kode tdk bs dpke pdhl wkt mepet.. alhasil beli tiket lgsg d stasiun..komplen k cs..hangus..jd merugikan..tolong dperbaiki..hrs sesuai antara email dan aplikasi..     
Arif Yulia,"Yah mister dah miskin ya.? Dah gk ada lg diskon kretany. Padahal bisa membantu kita"" yg PJKA."
yosef hermawandi,"pengalaman pertama saya buruk banget pake mister aladin, dengan alasan tidak sinkron dengan PT. KAI , apa maksudnya pembayaran lwat virtual accoun tapi waktu hangus pdahal baru beberapa menit."
ardi bahru,Mr.aladin sekarang pelit diskon tidak seperti dulu dulu diskon ny bisa sampai Rp150k untuk tiket kereta api. Sekarang pelit gak ada beda ny dengan aplikasi travel kebanyakan.. payah
Andresa Syah,Saya registrasi kok nggak bisa? Pencet angka nya sampai 5 menit malah nggak bisa di aplikasi nya? Udah saya mnta kode baru juga nggak bisa di pencet angka nya?
Indri humairo,"percuma diadain promo besar2an juga, pas mau bayar ke alfa transaksi eror terus, padahal transaksi nya tepat waktu sebelum batas yang ditentukan ribet..sekali jauh sekali dengan aplikasi sebelah t*****ka sangat mudah dan cepat pembayaran nya juga bisa lewat virtual BRI. tolonglah diperbaiki lagi, pe...Ulasan Lengkappercuma diadain promo besar2an juga, pas mau bayar ke alfa transaksi eror terus, padahal transaksi nya tepat waktu sebelum batas yang ditentukan ribet..sekali jauh sekali dengan aplikasi sebelah t*****ka sangat mudah dan cepat pembayaran nya juga bisa lewat virtual BRI. tolonglah diperbaiki lagi, percuma aja ada diskon juga kalo fasilitasnya masih kurang. asli kecewa.. maaf terpaksa saya balik lagi ke aplikasi yang sangat mudah dan cepat t******ka"
novitha fanani,"baru kali ini pakai aplikasi seburuk ini, pesen tiket KAI masa pakai datanya yg di masukin tiba tiba berubahbpake nama email. terus pas di cetak tiketnya gak ada no NIK kalau pakai aplikasi tetangga mah selalu bener dan gak pernah ada kendala. jangan pernah tergiur dengan promo."
atlantik maju jaya,"soal tiket.. gak ada tanggung jawabnya: saya ada bookingan utk bsok.. saya sudah bayar via transfer.. penjelasannya di transaksi di bank sudah melakukan pembayaran.jadi tiket gak di kirim.. sesudah itu saya telp ke pihak Mister.. terkesan kasar kali... seperti org gak ada tanggung jawab"" mohon kalo ...Ulasan Lengkapsoal tiket.. gak ada tanggung jawabnya: saya ada bookingan utk bsok.. saya sudah bayar via transfer.. penjelasannya di transaksi di bank sudah melakukan pembayaran.jadi tiket gak di kirim.. sesudah itu saya telp ke pihak Mister.. terkesan kasar kali... seperti org gak ada tanggung jawab"" mohon kalo di mao maju perusahaan tersebut pekerjaan org yg lebih sopan dalam tuturnya.. atau di kasih belajar dolo... terimma kasih"
Denny Saputra,"Iya nih booking hotel juga kok error, abis update aplikasi malah hang . . . Pas klik lihat detail juga hang . . . ."
tony warnando,Situs ini khusus booking hotel bisa menyesatkan anda. Hotel yg berlokasi di kota lain di sumatera barat di tampilkan di kota padang. padahal hotel tersebut bisa sampai 150 km dr kota Padang. Hati hati. Mohon perbaiki Mister Aladin. Jika tidak update tidak bisa di pakai lagi. kesimpulan : bye aladin
Fina Sinta,"ya emang sekarang lgi jamannya tiket mahal..tpi knp sii kok mahal,,dulu perasaan nggk deh..aku kan mau berangkat mondok jdi ke undur..rumah ku jauh loo..kasian dong pemerintah...tolong di jawab deh min..jdi curhat kan aku..salah low membuat hati anak yg mau mencari ilmu di halang2 halangi dgn tiket ...Ulasan Lengkapya emang sekarang lgi jamannya tiket mahal..tpi knp sii kok mahal,,dulu perasaan nggk deh..aku kan mau berangkat mondok jdi ke undur..rumah ku jauh loo..kasian dong pemerintah...tolong di jawab deh min..jdi curhat kan aku..salah low membuat hati anak yg mau mencari ilmu di halang2 halangi dgn tiket mahal"
Pendekar Angin,"promonya bagus dan menarik tapi aplikasi ga user friendly, buka tab baru buat kopi identitas kembali ke tab mister (jeda agak lama) data sudah g ada, kehilangan peluang tiket pula. kalo mmg ada jangka waktu utk mengisi data plis dkasih notice. biar aware. ni masalah developer yang kurang tes ke pela...Ulasan Lengkappromonya bagus dan menarik tapi aplikasi ga user friendly, buka tab baru buat kopi identitas kembali ke tab mister (jeda agak lama) data sudah g ada, kehilangan peluang tiket pula. kalo mmg ada jangka waktu utk mengisi data plis dkasih notice. biar aware. ni masalah developer yang kurang tes ke pelanggan."
Azizah Abdullah Alaydrus,Mohon ketersediaan waktu untuk pembelian tiket pesawat domestic sampai 3 jam dari jam keberangkatan. Terimakasih.
SANTHOS WACHJOE PRIJAMBODO,pesanan tidak bisa di cancel
il yanxzea,slow respon admin nya
simon maulana,discount kalah saing dgn ota lain
ikhsan pambudi,Tambah lg promonya yaaa
Vahda Mais,lama reapon klau kita nanya.
Ulima Fauzia,sedikit pilihan
Indra Wati,Lebih dibanyakin promonya
Iswandi Dhodo,perbanyak promo nya min
Sugianto Cheung,di perbanyak untuk tours nya
Rommy Aditya,travel paling buruk
Ef Nab,terlalu besar mengupdatenya
Widiya rtati,blm pernah pake ud update
Pengguna Google,harganya mahal
Loli Purnama Dewi,bisa rescedule gk ya?
oby prince,mister aladin yg lama lebih byk promo tiketnya
Mursidin Almursyi,"Kurang dr 3 menio, langsung uninstal"
Bubar.jalan 33 @gmail.com Bubar Jalan,updute harga tiket
Achmad Bintang Fauzan,ga bisa refund
sukardi hutapea,Tidak puas !
afrizal yaman,mantap..cm diskonya dikit
Aneuk Lon syg,pising aku kalian bikin
Sarjiman Iman,diskon kurang gede
Faqih Shinobi,10pct ticket pesawat sudah hilang
Doni Armstrongs,promo pake syarata tai kucing
Andreanus Andre,Tetap lebih oke traveloka
zal GO,aplikadix diperbaharui
Eka Waluya,Aplikasi lemot coyy
Rita Wijaya,PAYAH!!!!
Andrias Eko,Aplikasi slow respon..not recomended..
Sudarmi Rosdiana,sering hoax
Mustakim Al TV,Buruk
natalia soemanti,Susah
Ojan Mas,Lodingya lama
FAJAR MAHARDIKA,ruwet
Elvhina Mabui,tidak ada
Susinto Iwan,loading lama
slamet suharyanto,kurang bagus
Huslan Rambe,zz 
Alyaquinsa Susilo,jelek
Gregory Santos,reseh
Widia Meilani,"pada saat mau issd kenapa tidak bisa padahal limit waktu masih ada, sy cb menghubungi pihak aladin tdk ada jawaban smpai akhrnya tiket sy terbatal dan soldout"
sutrisno coolcall,transaksi tambah M bca
novia madona,mahal2 hrg nyaaaaaa
Dian Geraldine,CUSTOMER SERVICE NYA SLOW RESPON!!!!!! 
hairil anwar,Sering bug
Putra Gun,satisfied
Pengguna Google,begok susah banget log in iya in booking app ter anj*ng sedunia
lisang cahyadi,"udah uninstall,sistem booking lelet,server lelet,promo nya mentok 100K..padahal dulu bisa sampe 300K pokoknya belom layak dah mr aladin ilangin promo dia,kalo traveloka wajar promo nya dikit,website mereka sudah layak desain minimalis dan enteng server nya,,cobain aja"
Komarudin Suwarno,belum ada
Gerry F Gansaring,"No promo debet card BCA, no promo for lion air, batik air or garuda air"
Pasukan Merah Putih,"Lemot banget    pas promo ,pakai WiFi super kenceng juga lemot.."
Nainy21 Putrii,Ngk tau
malino ponsel,Di saat proses pembokingan semua lancar.. Namun yg di sayangkan no pembayaran tidak muncul Ini sudah terjadi 3hari ini terhitung tgl 18/8 Mohon dgn sangat sistem di perbaiki lahi..pdhal sy udh terlanjur sayang dg mister aladin...tks
Redmi 5a,Masih terlalu mahal.. Karena ada pembeli tiket dua org jd Saya beli tiket d sini.. Dan d tempat lain.. Kenapa perbandingannya harga sangat jauh sangat d sayangkan.. Padahal respon aplikasi sudah bagus..
Putri Chan,"- Promo?? ^^v - Kekurangannya untuk saya, tidak bisa mendapatkan hotel di kota kecil seperti kediri"
Dotplus Official,"Untuk personal assistantnya slow respons banget mohon diperbaiki lg,agar costumer puas dan mendapatkan bantuan yg diperlukan secepat mungkin,"
Pengguna Google,"Knpa stiap saya nyari jadwal penerbangan pasti tidak ada ya,apa kah ada masalah"
Pengguna Google,"beli tiket pesawat ditransfer lewat bank lain dan status berhasil,tp kenapa pas buka app lagi malah history pemesanan gak ada email yg dikirim jg gak ada.. gimana?tanya asisten pun no respon,gmna uang saya?"
Joko Prasetyo,Metode pembayaran untuk pesan tiket kereta hanya bisa melalui kartu kredit tidak semua orang memiliki kartu kredit tolong berikan metode pembayaran lain via alfamat indomaret atau m banking
Merry Mojes Mariyati,"Kenapa tidak ad pembayaran via indomaret, untuk saya yg tidak memiliki buku tabungan dan kartu atm bagaimana saya membeli tiket lewat aplikasi ini apa lagi untuk liburan sendirian sangat sulit untuk orang"" seperti saya Mohon untuk ada pembayaran via indomaret"
Sutrisno Saputra,"Sangat mengecewakan.. pada saat pembayaran selalu menyatakan pilihan rekening salah..pihak mister aladin menyatakan waktu sudah kadaluarsa,padahal saya melakukan pembayaran sebelum waktu habis"
Pengguna Google,"Pas saya mesan tiket pesawat, terkadang tidak bisa dibayar katanya""transaksi anda tidk bisa diproses"" coba lagi memesan untuk kesekian kalinya, pesanan gagal terus menerus, coba berganya melalui WA tidak ditanggapi dan hanya di read Mohon perbaiki lagi baik itu sistem aplikasinya maupun pelayana...Ulasan LengkapPas saya mesan tiket pesawat, terkadang tidak bisa dibayar katanya""transaksi anda tidk bisa diproses"" coba lagi memesan untuk kesekian kalinya, pesanan gagal terus menerus, coba berganya melalui WA tidak ditanggapi dan hanya di read Mohon perbaiki lagi baik itu sistem aplikasinya maupun pelayanannya terutama untuk WA terimakasih"
rain izaki,"Saya sangat kecewa dg aplikasi ini, karena anak saya pernah mesan tiket pesawat yg tgl nya sdh d tentukn, ternyata setelah transaksi pembayaran tanggal keberangkatannya berubah jadwal nya dari tgl pemesanan dan hanguslh 2 tiket pesawat tsb, baru tersadar setelah ada pemberitauan dr pihak Lion Ai...Ulasan LengkapSaya sangat kecewa dg aplikasi ini, karena anak saya pernah mesan tiket pesawat yg tgl nya sdh d tentukn, ternyata setelah transaksi pembayaran tanggal keberangkatannya berubah jadwal nya dari tgl pemesanan dan hanguslh 2 tiket pesawat tsb, baru tersadar setelah ada pemberitauan dr pihak Lion Air"
amzad ayman,"sering eror proses pemesanan, udh cape ngetik kembali ke menu awal, padahal sinyal bagus, pembayaran harus ngetik nomer kartu, kadaluarsa, segala macem, terlalu sulit untuk masyarakat awam. mohon ditingkatkan. "
Rizqi Afandi,Aplikasi ga jelas....coba order tiket kereta nyampe 5x lebih ngereset ke awal terus  .....huh....mending pake yg jelas2 aja lah....
Pengguna Google,Untuk MisterAladin Ketika saya pesan tiket Kereta Api kenapa nama pemesannya menjadi tertulis dua kali? Mohon diperbaiki bug ini secepatnya
Danang Ginanjar,"Kenapa setiap buka harus login dulu terus, yg lain sekali login."
Wisnah Waty,"Untuk pendaftaran bagi calon penumpang dgn nama cmn 1 kata ga bisa, hrs mengisi kolom nama depan dan nama belakang"
Pengguna Google,Sampe pemesanan sih oke..pas mo bayar .ga bisa d proses katanya..pk atm udh coba ..via m banking jg udah..tp ttp aja transaksi tdk berhasil ktnya...lapor cs ktnya mungkin udh hbs waktu pemesanannya..helo org dr awal trnsaksi ke jrak mo trnsfer cuma 5 mnit..hbis waktu dati mananya?? Tidak membant...Ulasan LengkapSampe pemesanan sih oke..pas mo bayar .ga bisa d proses katanya..pk atm udh coba ..via m banking jg udah..tp ttp aja transaksi tdk berhasil ktnya...lapor cs ktnya mungkin udh hbs waktu pemesanannya..helo org dr awal trnsaksi ke jrak mo trnsfer cuma 5 mnit..hbis waktu dati mananya?? Tidak membantu sama sekali
Pengguna Google,Kok eror terus ya? Mana customer service nya ga nanggepin pula 
Hendra Kusuma,Metode pembayaran tidak bisa pakai i-banking. Cuma itu aja. Padahal promonya mernarik
2018013139 Muhammad Farhan Zain,Pembayaran tiket kereta hanya bisa menggunakan kartu kredit.
azwar indra,kurang panduan transaksi melalui internet banking
elvin zaenal,"pembayaran tiket keret hanya visa dan master card???,, Cancel booking ."
danu tv,Apk bangke nge lag
Muhammad Yahya,Mahaaaal
Merry D Priyana,Saya mau bayar pake metode kredivo. Kok Gak bisa ya? Padahal di kredivo Mr aladin termasuk Salah satu merchant yg bekerja sama. Gimana ya? Mohon info?
Nuring Gusti,"Kecewa, sering bgt error pas udah isi data lengkap tiba2 error', sampai kehabisan kursi. Tolong dong jgn sering2 error'"
Pengguna Google,"Melakukan pembayaran susah dengan kartu kredit,uda coba 3x gagal terus,chat lama balesny,padahal harga bisa bersaing"
Izha Mahendra,"Setiap kali ingin membeli tiket pesawat , saya selalu membandingkan nominal discount dari hampir semua aplikasi sejenis yang ada . Dan Mister Aladin paling besar dalam memberikan discount :)"
Izzul Fikri,"Bingung dgan pmbayarannya, pelayanannya juga jelek banget, d telfon tdak d angkat, di chat tdak d blas, tingkatkan lagi"
Pengguna Google,Jelek banget
chandra Permata,Ribet
Sekar Amalia,Baru tau flightnya ga ada yg international ya? Hotel nya juga mahal padahal udah milih yg low. Kalo disebelah hostel di Sing ada yang 150K disini ga ada.. uninstall aja deh
Pengguna Google,Rugi saya dawloud lambat banget .UD gitu bandara yg mau di cari tidak terdaftar pulak .contoh Kualanamu .maaf bandara yg ada tuju tidak terdaftar ..
Ukarhi Games,"Aneeh pas mau pilih pembayaran kok ga ada atm transfer? Ada jg cuma permata bank, terus kalo mau bayar pake bca gimana dong?"
Pengguna Google,"Serius deh, harga tiket pesawatnya lebih mahal dri sebelah  "
Li Bertus,Lebih mahal harga nya dr app sebelah
Nyonk Channel,Ruwet.. tiket nya mahal . Mending di Airy lebih murah.
David Kurniawan,"Sangat2 mengecewakan menggunakan aplikasi mister aladin. Pengalaman saya saya memesan hotel pada saat tiba di hotel ternyata kamar telah tidak tersedia. Kl kamar sdh habis kenapa dijual mister aladin, Tidak ada kejelasan dr mister aladin dan pihak hotel. Sangat2 dirugikan sebagai konsumen."
Neya Gunawan,"Aplikasi super GOBLOK sy mau booking hotel di sby, pencet destinasi sampe 7 hari 7 malah gak keinput2 jadi stresss"
dedy hamdani,"Pret... Ktanya lebih murah. Sy bandingkn di traveloka sm aja. Sy hpus ajalh, sy pke traveloka aja.."
Firlana Anggun,"saya benar benar merasa rugi. saya pembayaran 1.5 jt untuk hotel bln juni.  dr tgal 21april.  lalu tetiba kmrin dpet email bahwa refund berhasil di trf.  sy tidak merasa pembatalan. saya cek rek sy,  tdk ada pengembalian dana. sy minta bukti dr apps ini.  dikirimkan bukti permintaan sy pengajuan ref...Ulasan Lengkapsaya benar benar merasa rugi. saya pembayaran 1.5 jt untuk hotel bln juni.  dr tgal 21april.  lalu tetiba kmrin dpet email bahwa refund berhasil di trf.  sy tidak merasa pembatalan. saya cek rek sy,  tdk ada pengembalian dana. sy minta bukti dr apps ini.  dikirimkan bukti permintaan sy pengajuan refund melalui email.  1. jelas alamat email saya waktu boking berbeda dengan email si pengaju pembatalan tadi.  2. no rekening dikirim ke bni a.n bukan saya, sy bahkan tdk pnya rek selain bca. (no rekening yang berbeda dengan waktu saya bayar boking)  3. sy tidak merasa memberikan kode boking saya ke siapapun.  tp akun itu kenapa bisa tau kode boking saya.  logikanya yang tau ttg kode boking ya dari org dalam misteraladin.  LANTASSSS KENAPA UANG SAYA DI TRANSFER KE REKENING TERSEBUT PADAHAL JELASS ALAMAT EMAIL DAN NO REK NYA SAJA BEDA.  DAN KENAPA MISTER ALADIN TIDAK MAU TANGGUNG JAWAB SOAL ITU. SAYA ADA SEMUA BUKTI BUKTI.  KEMBALIKAN UANG SAYA ATAU SAYA LAPORKAN"
Mingfu Joe,Indonesia aja luar negeri ga ad.ky toko sebelah dong komplit
Pengguna Google,Loh pener bangannya kok gak ada tapi lumayanlah
dyla ST,Loading nya lamaaa
Johan Ferdian Juno Rizkinanda,"Aplikasi ini kurang memperhatikan UX (pengalaman pengguna) dalam penggunaan. Secara umum UI (perwajahan) sudah cukup bagus dan simpel, namun cantik. Sayangnya masih ada kendala seperti loading loop ketika filter diterapkan pada hasil pencarian."
yudie wang,"Aplikasi booking paling mengerikan yg pernah ada, promo sampah...buka 1 detik langsung abis,di chat gada yg jawab... Abis duitnya buat ngiklan di TV"
Pengguna Google,Aplikasinya bikin mls promo bru keluar kode nya satu detik udah habis...kyk g niat...hapus aja mending traveloka jelas
tommy fernandes,"Aplikasi sampah...traffik tinggi aja langsung LoLA . Lemott nya setengah mampus . Jangan di unduh mendingan buang2 kuota,waktu,ram aja. Aplikasi sampah gak rekomen banget"
Adirah Adirah,Om aladin bikin apl baru mau bersaing ya bo cek cek dulu harga toko** sebelah om. Gimana sih...
Tail De,Aplikasinya kurang bagus...masa untuk booking aja harus pencet hampir 100x  Lemot banget..NOT RECOMENDED !!
Pengguna Google,"katanya promo, apaan gak ada, kode jg salah , lemott juga. kalau gak niat bikin promo jgn kasih promosi"
Pengguna Google,Buat promo tapi ga niat. Sampah. Useless app.
Pengguna Google,Aplikasinya lemot.. Lama banget.. Ngabisin kuota aja.. Hapus.. Hapus.. Hapus...
sadeli nugroho,Promo 99ribu palsu.. uninstall
Pengguna Google,promosi ngapusi
chandra hakim,Penipu
Pengguna Google,Penipu
Leonita Sitompul,"Lebih bagus TRAVELOKA kmana manaa,  pelayanan lebih bagus lebih cepat,  yg instal aplikasi ini dijamin deh nyesaal!!  , jangan tergiur promo atau voucher karha harga sudah di UP dan sulit untuk customer service nyaa,  lebih baik TRAVELOKA"
Dede Sutisna,"Waduh, diskonnya tidak sebesar traveloka, jadi mending yg pasti2 aja deh yg murah aja trvlka.."
david firman sudrajad,"Mau promo, syarat dan ketentuannya malah bikin pusing. Riweh euy"
Hady Saparudin,promo hanya di khususkan utk kartu kredit bank tertentu. sangat disayangkan.
Hasrul Tanjung,"Aplikasi lemot, promo ga jelas dan harga memang sudah di up..."
Mellss Aja,Lemoooootttt gilaaaaakkk.. pdhl wifi kenceng.. ga komplit jg kotanya.. annoying sekaliii
Amar Bintang,"Aplikasi lemot, gblk, kontol lemot banget ga kaya traveloka"
Putri Yania,"Parah, liat testi yg lain banyak yg kontra saya pikir mungkin hanya mereka yg alami. Ternyata. Saya juga mengalami. Untuk sign up with.. aja susah banget padahal jaringan bagus lancar dan stabil. Buat milih"" hotel n promo. Luar biasa lamanya lalu force closed kemudian."
Nabila Azhari,"Masih mahal banget hotelnya . contoh saya dapet harga hotel di aplikasi lain cuma 290 disini malah 339rb ,walah parahh ,terpaksa hapus lagi .."
RAHMAT SALENG,Udah donlod tapi belum buka.karna komen2 kalian pada jelek ngeri2 sedap gitu bacanya jadi langsung uninstal tanpa buka app ini.
lia lia,"Ribet, mau di app ataupun browser sama - sama ribet..personal assistant gk ramah..mending ke toko sebelah aja, harga di app/browser ini juga gk murah2 amat.."
Dicky Priatama,"tidak bisa memilih kota, selalu kembali kosong boxnya setelah pilih kota. Im using xiaomi redmi note 2"
Pengguna Google,Pernah kecewa dengan pemesanan di mister aladin ....komplain gak di tanggapi seakan akan lepas tangan dengan pemesanan hotel yg bersangkutan. No recoment banget
Sellzzz Win,App gagal..  Gk bsa cari hotel murah..   Da gtu gk bsa cari 1 kamar lebih dr 3 org..  Aplikasi parah
Igor Backpacker,"Tak kasih bintang 2, soalnya harganya masih mahal banget beda dengan burung biru dan tangan oranye..."
Pengguna Google,Sudah bayar tapi di tolak sama pihak hotel. Pihak aladin lambat banget responnya. Lelah saya menunggu. Kecewa. PELAYANAN LAMBAT
Fathi Gaming,Gak jelas kata nya Bagus kaya di TV ah bohong
aulia rahman,"buang kouta aja ini, aplikasi Ga bisa ku pakai"
Ardina Harrera,Ga bisa daftar padahal nama dan email sudah benar
Nugroho hadi Saputro,mister aladin lagi ada gangguan ya?
wulan damayanti,"Parahh gak bisa refund,!!!!"
hans vtoni,Masih kalah sama si biru
Deyvid Heriyawan,Not good.. dan soal harga gak meyakinkan.. thx.
Tri Ananda Basma,JANGAN DI DOWNLOAD
Ika Febry Damayanti,Mahaalll boss... Tidak tertarik ... ğŸ˜£
wahyu amir,Loding lemot
Ella RA,Ga berguna
WIWIED TV,"Kurang lengkap,  masih murah di sebelah,  tidak cocok dengan iklan, kurang segalanya, jelek sekali, maaf."
Johan Halmis,"Payahh,gk komplit kaya burung biru,gmn mau bagus,kecewa"
Ikram Ariadi,"App lalod nggak bisa sign in, cs lama responnya"
Ryfan Dwiyansyah,Aplikasi jalang engga lengkap
aldo rinaldo,gak lengkap payah
Vicky Julyanto,Login gabisa
Sherly Anggraeni,Mahal sekali di banding traveloka jauh banget .....................
Satria S W,"Tolong jangan main tipu2 soal ""harga termurah"" dari yg lain..  nanti bisa kena YLKi lhooo... rumi hotel Semarang tgl.5 Maret 2017 1 night : MA (235.500), Tra (218.544) tolong kelengkapan banyak hotel dikota-kota besar ditambah.. maaf saya akhirnya pesan di toko sebelah.."
Feri Sp,"Yah..kurang puas. Masih bagusan burung biru. Ga tau ya klo di luar negri. Tapi coba bandingin harga beberapa kali di dalam negri, traveloja masih yg terbaik. Ketipu ma iklan."
Pengguna Google,"Hahhaa....lucu,gk ssuai dgn iklan ny yg kata ny termurah n nyindir aplikasi lain..hayoo spa yg mau buktikan klo aa'din nih bkal kembliin 2 x lipat selisih harga ny...cek d traveloka grand tjokro hotel pekanbaru buat tgl 21 februari...di traveloka deluxe double + sarapan 409.573 di Mr aa'din deluxe d...Ulasan LengkapHahhaa....lucu,gk ssuai dgn iklan ny yg kata ny termurah n nyindir aplikasi lain..hayoo spa yg mau buktikan klo aa'din nih bkal kembliin 2 x lipat selisih harga ny...cek d traveloka grand tjokro hotel pekanbaru buat tgl 21 februari...di traveloka deluxe double + sarapan 409.573 di Mr aa'din deluxe double + sarapan 1.104.019...."
Titi Kamuh,Maaf... Burung biru lebih murah dan lebih byk daftar hotelnya..
ROZI 01,"Error,gak bisa di buat nyari hotel."
Aang R,Lebih mahal dr aplikasi lain
Andiani Alifa,"Pilihan hotel kurang lengkap, hotel yg saya mau tidak trdaftar, pdahal ditraveloka ada. Tadinya mau buktiin iklanya yg katanya lbih murah dri burung biru, tp nyatanya baru saya cari hotel lain pas dibandingkan harganya jauh dgn tgl yg sma dan type kmr yg sma. Ditraveloka 530rb an di mr aladin 590rb ...Ulasan LengkapPilihan hotel kurang lengkap, hotel yg saya mau tidak trdaftar, pdahal ditraveloka ada. Tadinya mau buktiin iklanya yg katanya lbih murah dri burung biru, tp nyatanya baru saya cari hotel lain pas dibandingkan harganya jauh dgn tgl yg sma dan type kmr yg sma. Ditraveloka 530rb an di mr aladin 590rb an."
agi virnandi,"Mahal. Aplikasi Traveloka (Maav) lebih muraah . Bandingkan harganya dg unduh aplikasi lain di android or ios dan register member.  Bukan dg bandingkan lewat web. Aplikasi lain yang unduh lewat android dan ios untuk register member, harga jauh lebih murah. Tolong review masalah ini, dikarenakan miste...Ulasan LengkapMahal. Aplikasi Traveloka (Maav) lebih muraah . Bandingkan harganya dg unduh aplikasi lain di android or ios dan register member.  Bukan dg bandingkan lewat web. Aplikasi lain yang unduh lewat android dan ios untuk register member, harga jauh lebih murah. Tolong review masalah ini, dikarenakan mister aladin menjamin berani lebih murah diganti selisihnya. Tkq."
Dermawan Syah,"Baru pengen coba pake misteraladin, masa iya pilih tanggal aja ga bisa sih ke menu juga ga bisa.. Terpaksa balik lagi ke toko sebelah..."
Kyochera Rkm,Satu kata aja deh aplikasi ini... Paraaaaaah...!!! Balik lagi ke burung biru aja
Jonni Adi Putra,Forced closed Baru dibuka langsung berhenti.
Pengguna Google,"Aplikasinya jelek Cek tiket pesawat ga bisa, minta bantuan personal assistant ga dijawab, harga hotelnya juga lebih mahal, pas mau booking hotel coba dari webnya, ga bisa kebooking dan ga bisa kebayar. Ditelp ga ada yg angkat waktu malam2. Nyesel download aplikasinya. Masih perlu banyak perbaikkan, aplikasi belum sem...Ulasan LengkapCek tiket pesawat ga bisa, minta bantuan personal assistant ga dijawab, harga hotelnya juga lebih mahal, pas mau booking hotel coba dari webnya, ga bisa kebooking dan ga bisa kebayar. Ditelp ga ada yg angkat waktu malam2. Nyesel download aplikasinya. Masih perlu banyak perbaikkan, aplikasi belum sempurna, uda promo di tv, dll, payah."
reza restu,"Harga di atas pasaran Dengan semoga teman terbaik mu..  Untuk harga hotel lumyan agak mahal ya..  Untuk hottel horison di Cikarang di aplikasi lain dgn logo burung biru lebih murah hampir 50Ribu,  terimakasi sy cari hotel untuk rabu tgl 16 november 2016.. Agak sedikit kecewa sudah download apl ini"
Mona Siregar,"Nida room via mister aladin Sungguh sangat mengecewakan...  Kalau merasa rugi memberikan discount jangan diberi!!! Kok bisa ngasih kamar yg airnya ga jalan,  nunggu dua jam ga beres2.. Ga mau relokasi kamar????  Really..!!!!!"
Detty Rahayu Turpyn,"Situs booking online terburuk!! Saya booking hotel via Mister Aladin, sudah melakukan pembayaran dan sudah mendapat kode booking. Tiba2 pihak hotel menelepon saya, dan bilang bahwa HOTEL SUDAH PENUH pd tanggal pemesanan saya. Sedangkan jelas2 di situs mister aladin status hotel masih TERSEDIA. sikonnya dsini saya sudah melakukan s...Ulasan LengkapSaya booking hotel via Mister Aladin, sudah melakukan pembayaran dan sudah mendapat kode booking. Tiba2 pihak hotel menelepon saya, dan bilang bahwa HOTEL SUDAH PENUH pd tanggal pemesanan saya. Sedangkan jelas2 di situs mister aladin status hotel masih TERSEDIA. sikonnya dsini saya sudah melakukan seluruh pembayaran, dan ketika saya konfirmasi ke pihak Mister Aladin, RESPON NYA SANGAT LAMBAT. Tolong di perbaiki sistemnya, agar nanti nya tidak ada lagi korban yg sangat DIKECEWAKAN!!!"
Devi Komala,"sangat kecewa dengan mister aladin saya sangat kecewa dengan aplikasi ini ,,penanganan nya buruk dan lambat ,,saya boking hotel tp pihak hotelnya tidak mngetahui apa"" kalau sudah di booking,,disuruh telefon sana sini smpe 3 pihak ,, alhasil saya tidak berminat menginap disana karna penanganan lambat"
aura khanza,"bad buruk jelek mahal harga bisa beda sampai 100rb dengan aplikasi yang lain, pilihan hotel hanya sedikit tidak sesuai sama sekali dengan di iklan"
akbar mauli,Mengecewakan Mengevewakan download aplikasi ini. Harga mahal di bandingkan aplikasi lain..
Beiby Arinda,HARGA nya lebih mahal Saya fikir lebih murah dari PP or T tp ternyata lebih mahal
Abdul nasrudin,"bad ga sprti di iklan, kalah sm aplikasi sebelah"
DEKAART 1,Mahal bos.. Murahan di aplikasi sebelah Maap ya bos. Rating buruk untuk anda
Pengguna Google,"Payah ga suka udh mau mhl""hotel nya"
Afif Rahmat,Jelek. Mhal. Mending traveloka Mahal...
Fitri Anis,Kecewa Hotel doank
yulia kemala,"Mr. Aladin Gak keren, gak lengkap... Hotel2 di objek wisata dalam negeri gak ada..  Semua luar negeri..  Gak keren la pokoknya."
