"Nama","Review",""
"irwan hidayat","Waktu bayar trlalu sdikit utk pesenan hotel kalo cuma 10 mnit",""
"Yhuli Mpena","Kurangnya tanggapan terkait pertanyaan customer yg kebingungan.. harap di perhatikan..trimkasih",""
"go.Tarot!","Sumpah ga jelas banget, cari tiket pesawat, harga didisplay sekian, pas di klik berubah, coba keluar, masuk lagi, harga berubah lagi, di klik berubah lagi, berubah2 terus, jadi yg bener harga yg mana?? ini aplikasi error atau gmn sih?",""
"oktafani nurbaiti","Duit refundnya kok gak keluar-keluar.. selalu memberi alasan dg ucapan bahwa maskapai belum mengirimkan uang ke pegi-pegi.. pelayanan sangat buruk sekali.. CS meminta kita untuk menunggu 30-45 hari namun tidak diberikan tanggal kepastian yang jelas.. Pernah melakukan tlp CS tetapi ketika saya lagi b...Ulasan LengkapDuit refundnya kok gak keluar-keluar.. selalu memberi alasan dg ucapan bahwa maskapai belum mengirimkan uang ke pegi-pegi.. pelayanan sangat buruk sekali.. CS meminta kita untuk menunggu 30-45 hari namun tidak diberikan tanggal kepastian yang jelas.. Pernah melakukan tlp CS tetapi ketika saya lagi berbicara malah dimatikan tlpnya.. terus bagaimana jika begini????? Saya siap menunggu jika jelas waktu yang di infokan..",""
"mohamad ridwan","Untuk pertama kali mencoba memesan tiket pesawat disini dan ternyat kecewa . Tidak rekomended. Pengembalian dana tidak jelas dan butuh waktu 3 bulan sedangkan market place lain 2 minggu dana kembali tanpa harus d hubungi. Ini udah berkali- kali di hubungi jawaban sama saja seperti robot yang kata-ka...Ulasan LengkapUntuk pertama kali mencoba memesan tiket pesawat disini dan ternyat kecewa . Tidak rekomended. Pengembalian dana tidak jelas dan butuh waktu 3 bulan sedangkan market place lain 2 minggu dana kembali tanpa harus d hubungi. Ini udah berkali- kali di hubungi jawaban sama saja seperti robot yang kata-katanya sudah tertera.. Cukup untuk pertama dan terakhir.",""
"CIPTO ADI KURNIAWAN","Sangat mengecewakan untuk kebijakan pengembalian pembatalan tiket pesawatnya jangan di samakan sama orang kaya di suruh menuunggu 1-3 bulan siap aja untuk orang menengah kebawah itu sangat berarti duitnya. Toh seandainya tidak ada covid 19 pasti terbang berhubung kondisi karena covid 19 kami merasa ...Ulasan LengkapSangat mengecewakan untuk kebijakan pengembalian pembatalan tiket pesawatnya jangan di samakan sama orang kaya di suruh menuunggu 1-3 bulan siap aja untuk orang menengah kebawah itu sangat berarti duitnya. Toh seandainya tidak ada covid 19 pasti terbang berhubung kondisi karena covid 19 kami merasa takut dan di tambahi dengan kebijakan pegipegi yang tidak bisa kami terima",""
"INFO MCI INDONESIA","Kecewa, untuk proses refund nya lama skali  , kalo hubungi cs juga paling di bilang proses 1 -3 bln  gak ada solusi",""
"amalia dewi nursyifa","MENGECEWAKAN. SAYA PESAN PENGINAPAN DI APARTEMENT, SUDAH DATANG DAN MAU CHECK IN JAM 14.00, EH MALAH PIHAK APARTEMENT TIDAK SIAP, SAYA DATANG JAUH JAUH JUSTRU DISURUH MENUNGGU SAMPAI MALAM?? ALASANNYA AKAN ADA RAZIA, PADAHAL SAYA TANYA PETUGAS GAK ADA AKAN ADA RAZIA. PEGI PEGI KOK MEMBIARKAN PENIPU ...Ulasan LengkapMENGECEWAKAN. SAYA PESAN PENGINAPAN DI APARTEMENT, SUDAH DATANG DAN MAU CHECK IN JAM 14.00, EH MALAH PIHAK APARTEMENT TIDAK SIAP, SAYA DATANG JAUH JAUH JUSTRU DISURUH MENUNGGU SAMPAI MALAM?? ALASANNYA AKAN ADA RAZIA, PADAHAL SAYA TANYA PETUGAS GAK ADA AKAN ADA RAZIA. PEGI PEGI KOK MEMBIARKAN PENIPU UNTUK BERBISNIS. hati hati !!!! TOLONG DONG PEGI PEGI BLOKIR ITU ZHI APARTEMENT ITU.",""
"iik","Saya ajukan refund tgl 12 april 2020 Sampai sekarang tgl 14 mei 2020 masih belum ada dana yg masuk ke rekening Padahal saudara ada yg pesan tiket lewat traveloka , proses refund dan dana kembali tidak sampe sebulan lebih seperti di pegi - pegi Kecewa banget No pesanan 12AUTE45A4D",""
"Nadia Nadia89","Saya sdh kapok beli tiket dpegi2 ,refund dgn keadaan covid sprti ini ,alasan proses maskapai, saya sdh TLP k maskapai Sdh refund dr maskapai ...tlg d jgn sprti itu sm kons ,& dananya akhrnya d balikin dptong 300 ribu , saya beli d apk sebelah dgn refund 100% full dbalikin . Intinya saya sdh kapok be...Ulasan LengkapSaya sdh kapok beli tiket dpegi2 ,refund dgn keadaan covid sprti ini ,alasan proses maskapai, saya sdh TLP k maskapai Sdh refund dr maskapai ...tlg d jgn sprti itu sm kons ,& dananya akhrnya d balikin dptong 300 ribu , saya beli d apk sebelah dgn refund 100% full dbalikin . Intinya saya sdh kapok beli disini",""
"Dermawaty Siahaan","Saya kecewa dengan aplikasi pegi2 refund tiket tapi prosesnya lama banget.. Pengembalian dana'a terlalu bertele2 Jelas2 di refund juga karena corona dan dari pihak maskapi juga sudah ngebatalin sendiri karena emang gak bisa terbang.. Harusnya pengembalian dana lebih cepat dan tidak bertele karena da...Ulasan LengkapSaya kecewa dengan aplikasi pegi2 refund tiket tapi prosesnya lama banget.. Pengembalian dana'a terlalu bertele2 Jelas2 di refund juga karena corona dan dari pihak maskapi juga sudah ngebatalin sendiri karena emang gak bisa terbang.. Harusnya pengembalian dana lebih cepat dan tidak bertele karena dari pihak kalian sendiri yang ngebatalin tiket saya",""
"Tekim Usu","Jangan mau menggunakan aplikasi ini,aplikasi penipu Dana refund mulai 16 Maret sampe hari ini tdk di balikkan alasan trs di suruh menunggu,teman saya yg sama berangkat pesan di traveloka dan 1 minggu dana refund nya sudah kembali,aplikasi ini menipu,cpat klen balikkan uang saya aplikasi penipu Benar...Ulasan LengkapJangan mau menggunakan aplikasi ini,aplikasi penipu Dana refund mulai 16 Maret sampe hari ini tdk di balikkan alasan trs di suruh menunggu,teman saya yg sama berangkat pesan di traveloka dan 1 minggu dana refund nya sudah kembali,aplikasi ini menipu,cpat klen balikkan uang saya aplikasi penipu Benar2 kapok pesan di pegi2,saran saya jgn pesan di pegi2 kalau ga mau di tipu Dr pihak citilink sudah di kembalikan dlm 3 hari,aplikasi penipu ini,aplikasi taik,aplikasi abal2",""
"siskaa dwi","Kecewa! Saya tidak akan pakai aplikasi ini lagi! Refund tiket berbentuk voucher dan tidak ada pemberitahuan sebelumnya! Saya mengajukan refund dari 15 maret dan baru diberitau hari ini (itu pun kalo saya tidak bertanya) refund tidak bisa dalam bentuk tunai melainkan voucher! Coba yg refund dicek lag...Ulasan LengkapKecewa! Saya tidak akan pakai aplikasi ini lagi! Refund tiket berbentuk voucher dan tidak ada pemberitahuan sebelumnya! Saya mengajukan refund dari 15 maret dan baru diberitau hari ini (itu pun kalo saya tidak bertanya) refund tidak bisa dalam bentuk tunai melainkan voucher! Coba yg refund dicek lagi karena tidak ada pemberitahuan sebelumnya, refund hanya bisa berbentuk voucher!",""
"yoga sanjaya","Pegipegi emng luar biasa. Ajukan refund krn emng gak ada pnerbangan trkait corona. Udah kembalinya butuh 46 hari, uang tiket 2 jtan kmbali dlm bntuk VOUCHER cm 883 ribu. Baiklah, voucher itu akan jd transaksi trakhir saya dsini Pesan buat anda pengambil keputusan d pegi2 : kali ini anda boleh menang...Ulasan LengkapPegipegi emng luar biasa. Ajukan refund krn emng gak ada pnerbangan trkait corona. Udah kembalinya butuh 46 hari, uang tiket 2 jtan kmbali dlm bntuk VOUCHER cm 883 ribu. Baiklah, voucher itu akan jd transaksi trakhir saya dsini Pesan buat anda pengambil keputusan d pegi2 : kali ini anda boleh menang. Tp utk selanjutnya sdh pasti anda hancur",""
"Krisda Yanti","Sangat mengecewakan saya refund dari tanggal 21 maret sampai skrng 19 mei blom juga ada dana yg d kembalikan, padahal dari pihak maskapai sudah mengembalikan lebih dari 1bulan. Dan aplikasi lain semua yg saya refund sudah d kembalikan hanya pegipegi yg tidak konsisten dan mengecewakan.",""
"dinda aryani","PROSES REFUND 3 BULAN GAK JELAS.MENYESAL BOOKING DISINI",""
"Reza Ari","Refundnya ya allah udah dari 16 maret 20 maret proses. Bru kemarin tgl 17/18 april telpon maskapai katanya udah diproses trus sekarang tanya pegi pegi masih proses. Kan anjing...gak recom banget. Kondisi gini asli pegi pegi nahan smua dana refund..tutup aja aplikasimu gak berguna kamu.mending burung...Ulasan LengkapRefundnya ya allah udah dari 16 maret 20 maret proses. Bru kemarin tgl 17/18 april telpon maskapai katanya udah diproses trus sekarang tanya pegi pegi masih proses. Kan anjing...gak recom banget. Kondisi gini asli pegi pegi nahan smua dana refund..tutup aja aplikasimu gak berguna kamu.mending burung biru dll yang cepat. Sampai tiga bulan itu kebijakan tahun berapa kalau garuda paham lah klo sriwijaya air gak sampai segitu lamanya",""
"Venna Lee","Kalian kalau refund itu pakai uang jangan pake travel voucher! Orang beli pakai uang! Nyari uang susah bro!",""
"Arie Saputra","nyesal beli tiket disini, kita ajukan refund dari tgl 29 maret 2020 smpe skrng belum slsai juga, malah diganti dengan kupon, APLIKASI YANG BURUK!!!! yang namanya refund kembali uang, bukan malah di ganti dengan kupon. SANGAT SANGAT MENYESAL BELI TIKET DISII!!!",""
"Kim Sun","SANGAT BURUK!! Refund tiket berupa voucher supaya pelanggan tidak kabur.. Padahal masa pendemi sekarang orang lebih membutuhkan uangnya dikembalikan daripada voucher yg gak jelas.",""
"rudi suprianto","Buruk banget pelayanan refundnya. Sudah 2 bulan nunggu blm cair juga. Pusing.",""
"Dikky DaruHerman","Beberapa waktu lalu saya telepon pihak pegi2 mengenai refund dana dikarenakan covid-19, pihak pegi2 mengatakan bahwasanya utk pengembalian dalam bentuk dana tidak dijelaskan dalam bentuk Voucher!!!!! Saya Sangat kecewa berat mengenai hal ini karena saya berharap dalam bentuk dana bukan dalam bentuk ...Ulasan LengkapBeberapa waktu lalu saya telepon pihak pegi2 mengenai refund dana dikarenakan covid-19, pihak pegi2 mengatakan bahwasanya utk pengembalian dalam bentuk dana tidak dijelaskan dalam bentuk Voucher!!!!! Saya Sangat kecewa berat mengenai hal ini karena saya berharap dalam bentuk dana bukan dalam bentuk Voucher, tidak tahu kedepannya apakah jadi terbang atau tidak. Tolong untuk lebih teliti dan konsisten lagi dalam menyampaikan suatu informasi. Dan berikan solusi yg tepat untuk cuatomers! Saya KECEWA",""
"tanto trans","Ga usah pesan hotel disini. Sangat buruk pelayanannya",""
"Silas Kala Pali","Aplikasi payah. Refund tiket menunggu hingga 3 bulan ga ada sama sekali. Gimana mau cair? dari pihak maskapai menginfokan kalau tdk ada pengajuan refund dari OTA. SDM nya Payah!!! Terakhir pake aplikasi bobrok ini !!!",""
"Herlinda Wening P","Nyesel sumpah pesan disini ajuin refun udh 2 bulan gk dikasih alasanyan dari pihak maskapai,awas aja tu duit gk di tf ke rekening gw secepatnya dan uang pengembalian cuman di potong 15 ribu kalau sampe lebih awas aja lu pada.",""
"Yamin Muhammad","Kecewa.. Repund tiket berbentuk voucher.. Padahal saya saat ini butuh duit.. Bukan voucher.. , padahal ada 4 tiket saya cancel dan tunggu repundnya.. ,saya merasa tertipu dengan aplikasi ini..",""
"Ari Aji","ya Tuhan jangan pakek apl ini kebngetan bngt pengembalian dana busa ampek 3 bln pdhl di apl lain cm butuh 2 minggu ,aku saranin jangan pakek apl ini bikin rugi dan oengembalian dana gk 100% pdhl di apl lain 100% sumpah kecewa gak akn pakek lagi",""
"MANIAK CANDLE","Pelayanan yang buruk Proses refund sudah hari H pun tak dikirim. Harus nunggu berapa bulan lagi.",""
"I Made Dwi Aryanta","Saya mengajukan refund dari tanggal 1 april dan sampai sekarang uangnya belum saya terima. Alasan dari cs pegi pegi, menunggu 90 hari kerja karena uang belum cair dari pihak maskapai, tanpa mengecheck di sistemnya terlebih dahulu Dan ketika saya cross check ke maskapai, katanya uang sudah dibalikin ...Ulasan LengkapSaya mengajukan refund dari tanggal 1 april dan sampai sekarang uangnya belum saya terima. Alasan dari cs pegi pegi, menunggu 90 hari kerja karena uang belum cair dari pihak maskapai, tanpa mengecheck di sistemnya terlebih dahulu Dan ketika saya cross check ke maskapai, katanya uang sudah dibalikin dari tanggal 08 april 2020. Sampai hari ini uang saya belum balik. Kalo begini caranya, pantas banyak yg kecewa dengan pegi pegi. Kapok belanja di sini dan menggunakan aplikasi ini.",""
"hen rico vandria","Aplikasi pelayan masyarakat macam apa ini?? Refoun tiket berupa voucer,, yang kami butuhkan uang kami kembali.. Bukan voucer yg belum karuan kapan di gunakan lagi. Siap2 tumbang kalu perusahaan bikin kecewa costemernya, Voucer itu akan mnjadi transaksi terakhir saya untuk pegipegi, selanjutnya auto ...Ulasan LengkapAplikasi pelayan masyarakat macam apa ini?? Refoun tiket berupa voucer,, yang kami butuhkan uang kami kembali.. Bukan voucer yg belum karuan kapan di gunakan lagi. Siap2 tumbang kalu perusahaan bikin kecewa costemernya, Voucer itu akan mnjadi transaksi terakhir saya untuk pegipegi, selanjutnya auto delete applikasi",""
"surabaya 031","Aplikasi Taek refund karena Corona malah diganti dengan kupon pembelian tiket, tidak bisa diuangkan, pemberitahuan mendadak, dan juga pembatalan karena dari pemerintah, kenapa customer dirugikan gini, kita mau terbang juga belum pasti karena perkembangan Corona belum pasti, dan juga jika memakai kup...Ulasan LengkapAplikasi Taek refund karena Corona malah diganti dengan kupon pembelian tiket, tidak bisa diuangkan, pemberitahuan mendadak, dan juga pembatalan karena dari pemerintah, kenapa customer dirugikan gini, kita mau terbang juga belum pasti karena perkembangan Corona belum pasti, dan juga jika memakai kupon tidak bisa refund lagi, sama saja bohong",""
"ai-chan harfindha","sebenyebalkan itu dalam proses refund TIDAK JELAS Jawaban Komenan mu itu mulu, suruh hubungin CS, paan???? tapi tetep kagak ada solusi... uangnya balikiiin",""
"Pirman Manurung","Refund nya makan waktu sampai 3 bulan, sementara yg batalkan dari pihak maskapai. udh gitu kalau dana sudah di terima dari pihak maskapai masih butuh waktu 7-14 hari lagi untuk proses duit kembali katanya  , kejam  Sementara org udh makan nggak makan disini  karena gak ada kerjaan tetap di kota ...Ulasan LengkapRefund nya makan waktu sampai 3 bulan, sementara yg batalkan dari pihak maskapai. udh gitu kalau dana sudah di terima dari pihak maskapai masih butuh waktu 7-14 hari lagi untuk proses duit kembali katanya  , kejam  Sementara org udh makan nggak makan disini  karena gak ada kerjaan tetap di kota ini. Kalau mau pesan tiket pesawat dari sini lebih baik mikirÂ² dulu deh ! Terimakasih.",""
"ongky pratama","Iklan hotel yang terdapat di aplikasi tidak sesuai dengan keadaan hotel. mengharuskan customer melakukan pembayaran 15 menit setelah booking, akibat ketidaksesuaian aplikasi proses pembatalan Check in tanggal 27 pembatalan harus tanggal 24, masa mau di cek 3 hari sebelum Check in.. Pembayaran uang k...Ulasan LengkapIklan hotel yang terdapat di aplikasi tidak sesuai dengan keadaan hotel. mengharuskan customer melakukan pembayaran 15 menit setelah booking, akibat ketidaksesuaian aplikasi proses pembatalan Check in tanggal 27 pembatalan harus tanggal 24, masa mau di cek 3 hari sebelum Check in.. Pembayaran uang kembali 14hari kerja? Keburu liburan selesai.. Kurang dapat dipercaya aplikasi ini.. Cs memberikan jawaban tidak masuk akal..",""
"Santi Ashari","Refund tiket pesawat dari tanggal 22 April sampai sekarang uang belum masuk ke rekening. Hubungi via live chat gaada kejelasan sama sekali & balas chat sangat sangat lama sampai saya chat ""tes, tes, tes"" beberapa kali baru ada jawaban. Tolong diperbaiki dong. Kalau gaada wabah inipun gamungkin saya ...Ulasan LengkapRefund tiket pesawat dari tanggal 22 April sampai sekarang uang belum masuk ke rekening. Hubungi via live chat gaada kejelasan sama sekali & balas chat sangat sangat lama sampai saya chat ""tes, tes, tes"" beberapa kali baru ada jawaban. Tolong diperbaiki dong. Kalau gaada wabah inipun gamungkin saya refund tiket pesawat. Sangat kecewa si, pengalaman refund tiket pesawat di aplikasi lain lebih cepat ketimbang disini. KECEWA!!!!!!!!!!!!!!Sekali lagi tolong diperbaiki jika ingin bersaing!!!!!!!!",""
"Adi Ui","Sangat sangat mengecewakan. Tolong kalau tulis keterangan di hotel sesuai keadaan nya.saya sangat kecewa. Gak bakal lagi pesan lewat sini.kapok very very bad.saya ikhlasin saja uang saya gak kembali. Duit sudah saya transfer dan ada Ket berhasil dan ada bukti nya di bilang uang gak di transfer dan g...Ulasan LengkapSangat sangat mengecewakan. Tolong kalau tulis keterangan di hotel sesuai keadaan nya.saya sangat kecewa. Gak bakal lagi pesan lewat sini.kapok very very bad.saya ikhlasin saja uang saya gak kembali. Duit sudah saya transfer dan ada Ket berhasil dan ada bukti nya di bilang uang gak di transfer dan gak masuk .hello kalau mau berbohong dipikir dulu ðŸ–•ðŸ–•ðŸ–•",""
"Jemsray","SAYA MENGAJAK KALIAN YANG MERASA DIRUGIKAN SAMAÂ² MENGGUGAT APLIKASI INI KE OJK, LEMBAGA OERLINDUNGAN KONSUMEN, LSM, ATAU LEMBAGA BANTUAN HUKUM LAINNYA. Tentang refund, janjinya bisa uang kembali.. tenyata kebijakan baru sangat merugikan konsumen.",""
"Nurul Afni Octaviani","Refund dari maskpai bentuk tunai, tapi dr travel agent diubah jd voucher dg keputusan sepihak. Pakai app biru biru aja",""
"Hendra Hendra","Ga mau lagi beli tiket lagi di pegipegi. Kapok saya, refund tiket lebih dari 1 bulan ga dibayar2. Lalu alasannya dari pihak maskapai blm proses, karena penasaran, saya hubungi pihak maskapai. Katanya sudah dikembalikan full ke pegipegi. Tinggal menunggu proses pegipegi refund uangnya. Kecewa lah, jg...Ulasan LengkapGa mau lagi beli tiket lagi di pegipegi. Kapok saya, refund tiket lebih dari 1 bulan ga dibayar2. Lalu alasannya dari pihak maskapai blm proses, karena penasaran, saya hubungi pihak maskapai. Katanya sudah dikembalikan full ke pegipegi. Tinggal menunggu proses pegipegi refund uangnya. Kecewa lah, jgn mau beli disini lagi. Saya jg kapok, mending yg pasti pasti aja. Sampai tgl skr saya posting, tiket refund saya blm dikembalikan.",""
"Fajar Ramadhan","Kecewa banget dengan aplikasi ini , karna proses pengembalianya refundnya terlalu lama, tidak sesuai pada saat pembelian yang diharuskan membayaar dengan waktu yang singkat, apalagi dalam pengajuan refund terkait adnya larangan mudik dan covid 19- , karna semua sangat membutuhkan pengembalian refund...Ulasan LengkapKecewa banget dengan aplikasi ini , karna proses pengembalianya refundnya terlalu lama, tidak sesuai pada saat pembelian yang diharuskan membayaar dengan waktu yang singkat, apalagi dalam pengajuan refund terkait adnya larangan mudik dan covid 19- , karna semua sangat membutuhkan pengembalian refund yang cepat dalam ke adaan ini , trims",""
"Shinta Laurence","Kecewa sama refundnya, saya bayar tiket pesawat pake duit, malah dikembaliin dalam bentuk voucher, udah gitu prosesnya lama banget.",""
"morena boys","kamu ambil uang kami dalam hitungan detik, tapi untuk mengembalikan dana refund dalam hitungan bulan... tolong jangan mempermainkan konsumen",""
"Ahmad Syaiful kahfi","Ini parah banget CS pegi2 yaa , ya elahh di kasih tau masalah nya dimana masih ajah mohon tunggu sebentar ya pakk , SAMPE PULSA HABISS",""
"yudha kurniawan","Ini pegi"" sengaja mempermainkan promo . Kemarin malam saya pantau tiket kereta api ada promo diskon 30rb untuk mudik dgn pembayaran via virtual account permata bank dengan atm bersama atu logo alto. Dan sekarang saya cek promonya sudah gak ada padahal di layar utama promonya berlaku sampai 6 maret 2...Ulasan LengkapIni pegi"" sengaja mempermainkan promo . Kemarin malam saya pantau tiket kereta api ada promo diskon 30rb untuk mudik dgn pembayaran via virtual account permata bank dengan atm bersama atu logo alto. Dan sekarang saya cek promonya sudah gak ada padahal di layar utama promonya berlaku sampai 6 maret 2020. Bang**T .",""
"Neddy Hunter","Pelayanan memgecewakn, pihak pegi pegi yg cancel pesanan hotel saya pada tanggal 22 febuari 2020 Tp sampai sekrng blm ad pengembalian dana.",""
"Fitria Wulandari","Gila pegi2 ni,masa uang refund harus nunggu 6bln sampe d tangan,itupun kalau sampeðŸ˜ katanya awalnya 1-2minggu,d tanyain lagi nunggu 1-3bln.ni nunggu Lagi 30-45hariðŸ˜ kita butuh uangnya",""
"Bobby Hendra","Mengecewakan...mohon perbaikannya..saya pesan tiket tapi tidak masuk ke email dan akhirnya hangus begitu saja....",""
"Umam Said","Pesen 2 tiket penerbangan, dan sudah di refund, ternyata pengembaliannya dengan kupon tidak dengan uang, kemudian hanya 1 tiket, yang 1 penerbangan lagi tidak jelas refund nya, sudah 1 bulan lebih belum ada kejelasan, nominal lebih dari 1 jt.. Saya sarankan pake aplikasi yang lain. !!",""
"Fara Denata","Dipikir saya bodoh tidak tau perihal rule refund maskapai? Saya sangat paham refund saya proses per tgl 20 MARET 2020 masih berlaku kebijakan normal. BUKAN REFUND VOUCHER yg mulai berlaku di maskapai lion group utk proses per tgl 1 APRIL 2020. Dan kalian bilang akan kembali refund dalam bentuk vouch...Ulasan LengkapDipikir saya bodoh tidak tau perihal rule refund maskapai? Saya sangat paham refund saya proses per tgl 20 MARET 2020 masih berlaku kebijakan normal. BUKAN REFUND VOUCHER yg mulai berlaku di maskapai lion group utk proses per tgl 1 APRIL 2020. Dan kalian bilang akan kembali refund dalam bentuk voucher? Emg akal akalan kalian aja ya. GAK AKAN PERNAH LAGI PAKAI PEGIPEGI! SANGAT TIDAK REKOMENDED!! kinerja kalian yg lama tapi merugikan pelanggan. Payah!",""
"Narita Marchantya","Pengajuan refund tidak sesuai kesepakatan awal,, malah cm sekian persen yg kembali.. Sisa nya di ganti kupon.. Beda sekali dgn aplikasi ""traveloka"" Yg sesuai komitmen.. Tidak bisa bls bls di forum ini.. Chat dan email pun hanya muter2.. Ttp kupon tidak bisa di uangkan.. Pdhal saat booking awal tidak...Ulasan LengkapPengajuan refund tidak sesuai kesepakatan awal,, malah cm sekian persen yg kembali.. Sisa nya di ganti kupon.. Beda sekali dgn aplikasi ""traveloka"" Yg sesuai komitmen.. Tidak bisa bls bls di forum ini.. Chat dan email pun hanya muter2.. Ttp kupon tidak bisa di uangkan.. Pdhal saat booking awal tidak seperti ini.. Bukan kupon melainkan hanya potongan berapa persen itu wajar.. Bukan kupon yg kami mau..!!! Oke bye aplikasi pegi pegi..",""
"Rusdy Hasan","Uang refund saya tdk dikembaliin sdh sebulan lebih , lama banget",""
"Firmansyah Acut","Siap siap kecewa, uang hangus , ga jadi berangkat. Ga kan pernah lagi pakai aplikasi ini. Jangan jangan , kecewa banget.",""
"Mutiara Febri Nasrida","Sangat kecewa,,, saya sudah mengajukan refund jauh sebelum waktu penerbangan tetapi tidak ada informasi lanjutan... dan waktunya lama banget untuk proses refundnya,, bikin costumer jadi was-was juga... CSnya sih cepat tanggap tapi proses refundnya lamaa banget... tolong diperbaiki pelayanannya",""
"Lana Setra","Aplikasi gak jelas, kelihatan paling murah ditulisnya, tapi kenyataannya banyak perubahan harga dan pasti lebih mahal dr apl sebelah",""
"Ryan Putra Meillyanto","Parah refund disuruh nunggu sampai 3 bulan habis itu di suruh nunggu 30-45 hari lagi. Saya bayar cash tapi pas refung di persulit kaya gini. .gak ada guna pelayanan kaya gini",""
"Ismi Lawati","Parah kapok banget beli tiket melalui aplikasi ini.. Saya refund sudah lewat daro satu bulan tapi blm dikembalikan. Padahal Saya telpon pihak maskapainya bilang dana sudah di topup ke pegi2 dari sebulan sblmnya tapi saya konfirmasi lg gak ada penjelasan. ..ditunggu2 keadaan lg butuh2nya dana dikemba...Ulasan LengkapParah kapok banget beli tiket melalui aplikasi ini.. Saya refund sudah lewat daro satu bulan tapi blm dikembalikan. Padahal Saya telpon pihak maskapainya bilang dana sudah di topup ke pegi2 dari sebulan sblmnya tapi saya konfirmasi lg gak ada penjelasan. ..ditunggu2 keadaan lg butuh2nya dana dikembalikan dong jangan ditahan tahan ...jangan sampai pesan disini ya..",""
"Ummu Hurairah","Sorry to say, tp ini baru aja aku alamin, pembatalan booking hotel berhasil dilakukan tp pengembalian dana harus selama 7-10hari itupun diluar dari hari sabtu dan minggu. 3-4hari mngkin msh bsa dimaklumi. Tp klo seminggu sampe lebih seminggu gmna cara kerjanya? Emang satu org aja yg kerja gitu ..tol...Ulasan LengkapSorry to say, tp ini baru aja aku alamin, pembatalan booking hotel berhasil dilakukan tp pengembalian dana harus selama 7-10hari itupun diluar dari hari sabtu dan minggu. 3-4hari mngkin msh bsa dimaklumi. Tp klo seminggu sampe lebih seminggu gmna cara kerjanya? Emang satu org aja yg kerja gitu ..tolong perbaiki sistemnya yg kek gini. Klo org butuh uang secepatnya itu gimana dong.msa iya ditunggu smpe hampir 2 pekan.",""
"Yhus Rhifal","Hati hati buat kalian yg pengen mesen hotel ataupun tiket pesawat,kemarin gw boking hotel via transfer trus duit di rekening gw jga udah ketarik,pas sampai di hotelnya malah di suruh bayar biaya cek in dan deposit nya gmana sih padahalkan udah aku liatin kode pembayaranya,hati hati gaes mesen di peg...Ulasan LengkapHati hati buat kalian yg pengen mesen hotel ataupun tiket pesawat,kemarin gw boking hotel via transfer trus duit di rekening gw jga udah ketarik,pas sampai di hotelnya malah di suruh bayar biaya cek in dan deposit nya gmana sih padahalkan udah aku liatin kode pembayaranya,hati hati gaes mesen di pegi pegi gw kira cuman gw yg kena kek gini ternyata udah 3-7 teman gw bangke tai emang...",""
"Anggal Buana","Kembalikan uang saya...padahal jauh2 hari sebelum pemberangkatan sudah kirim email tpi ga ada jawaban sampai skarang...... Parahhhhh uang lenyapp tanpa ada info lgi ",""
"Rocky Aja","sangat kecewa....udh tau ada virus corona msh gk ada kebijakan....sedangkan tempat itu lock down... kereta api gk beroperasi.... kecewa dan sangat sangat kecewa gk ada sedikitpun kebijakan",""
"AMIEN ARIE ZUNIANTO","Jangan sekal-kali Beli Tiket di Pegi-Pegi Pengalaman Buruk... Sangat Buruk Sekali Ngurus REFUND Duit dari Maskapai dah Dibayar Full ke Pegi-Pegi tapi Gak segera Dikembalikan ke Customer (meski kami udah dipotong 25%) Ini Travel Gak Punya Modal & Gak Profesional JANGAN SAMPAI KALIAN MENYESAL BILA PER...Ulasan LengkapJangan sekal-kali Beli Tiket di Pegi-Pegi Pengalaman Buruk... Sangat Buruk Sekali Ngurus REFUND Duit dari Maskapai dah Dibayar Full ke Pegi-Pegi tapi Gak segera Dikembalikan ke Customer (meski kami udah dipotong 25%) Ini Travel Gak Punya Modal & Gak Profesional JANGAN SAMPAI KALIAN MENYESAL BILA PERLU UN-INSTAL AJA !!!",""
"Pengguna Google","buruk sekali harga penawaran sama harga pembayaran beda jauh bgt",""
"Desy Ayu","Saya udh bayar gataunya musti check in jam 2 siang sedangkan saya bawa anak bayi gmn sih pegi pegi udh gitu gabisa dicancel pula. Biarin duit saya hilang tapi di akhirat nnty saya minta balikin karna sy ga ikhlas uang saya diambil tp saya ga pakai hotel itu!!!!...",""
"Novita Dyah Rahayu","Maaf ya saya kasih 1bintang saja,karena saya pesan kamar hotel di oyo 197prime royal hotel(surabaya),di aplikasi tertera check in jam 1siang,sedangkan pas di hotel baru bisa check in jam 3sore,apabila mau check in lebih awal (jam 1 siang,sesuai aplikasi)harus tambah biaya 20%dari harga kamar,itu kan...Ulasan LengkapMaaf ya saya kasih 1bintang saja,karena saya pesan kamar hotel di oyo 197prime royal hotel(surabaya),di aplikasi tertera check in jam 1siang,sedangkan pas di hotel baru bisa check in jam 3sore,apabila mau check in lebih awal (jam 1 siang,sesuai aplikasi)harus tambah biaya 20%dari harga kamar,itu kan namanya pembodohan masal/pembohongan publik,tolong aplikasinya diperbaiki lagi supaya gak merugikan customer,karena disini saya merasa di rugikan.mksh",""
"Des Des","ga tau kenapa suka log out sendiri. trs ngelag gitu aplikasi nyaa",""
"Nusroh Alawiyah","puasa puasa kok bohong, promo nya hoax gak real .",""
"Abid Julian","refund tiket pesawat lama banget harus nunggu sampe 1-3 bulan, emang susahnya apa sih? aplikasi lain cuma butuh waktu gak sampe 1minggu, kurang profesional banget",""
"Yudi Iswantara","JARINGAN BERMASALAH MOHON PERIKSA KEMBALI KONEKSI INTERNET ANDA. PADAHAL LANCAR BUAT STREAMING YUTUB DLL.. ANEHH COOK",""
"andry hadinata","Agak kecewa   Refundnya lama sekali padahal kalo refund di app lain nda selama ini proses refund daei 20 maret blom juga selesai padahal statusnya maskapai cancel flight",""
"Neneng Kurniasih","Pembatalan tiket sudah 1 bulan lebih tidak ada kabar dari aplikasi kok gini banget uang customer gak di proses udah musim covid 19 butuh dana cepat tolong diperbaiki kinerja nya",""
"Habibi Qolbie","komentar 90% mengeluh kecewa, jadi was was masak gk bisa di download padahal pake wofi lo apa sengaja dipermainkan setiap 80% berhenti. payah",""
"Firmando Lucky","Aplikasi bego diskon setengah harga maks 300 rb 10 menit gw cek tiket penerbangan ke makassar harga msh 1.7 sebelum promo di mulai 5 menit gw cek lg naik dong jd 2 jt trus gw dpt potongan 300 rb 1.7 itu nama nya sama aja ga promo mending kalo ga niat ga usah ngadain promo sampah ! Setelah kode promo...Ulasan LengkapAplikasi bego diskon setengah harga maks 300 rb 10 menit gw cek tiket penerbangan ke makassar harga msh 1.7 sebelum promo di mulai 5 menit gw cek lg naik dong jd 2 jt trus gw dpt potongan 300 rb 1.7 itu nama nya sama aja ga promo mending kalo ga niat ga usah ngadain promo sampah ! Setelah kode promo abis (maks 300 org) harga balik lg dong ke 1.7 stupidd app delete recomended mending pake aplikasi tetangga sebelah lebih terpercaya",""
"d nielz","Saya kecewa karena proses refund nya sangat lama. 2 Bulan baru dikembalikan. Padahal pihak maskapai sudah mengembalikan ke pegi2 15 hari setelah pembatalan. Tapi uang nya ""TERTAHAN"" sampai 2 bulan. Itu juga saya sampe telpon berkali2 baru di transfer. Saya pesan di aplikasi lain cuma seminggu sudah ...Ulasan LengkapSaya kecewa karena proses refund nya sangat lama. 2 Bulan baru dikembalikan. Padahal pihak maskapai sudah mengembalikan ke pegi2 15 hari setelah pembatalan. Tapi uang nya ""TERTAHAN"" sampai 2 bulan. Itu juga saya sampe telpon berkali2 baru di transfer. Saya pesan di aplikasi lain cuma seminggu sudah di balikin. Mendingan pesen tiket di aplikasi lain aja lebih nyaman.",""
"Fandy Indra","Mengecewakan sekali, pemesanan hotel nya tidak update sama sekali. Sudah masuk pesanan, malah dilempar ke hotel lain. Saya minta pengembalian / refund malah di lempar lempar oleh cs nya. Lebih baik pake aplikasi lain saja yg lebih jelas. Jangan pernah download aplikasi ini",""
"Nando Chandra","Tidak rekomendasi karena pesan kamar hotel tidak sesuai gambar sangat Kecewa    ",""
"Edy Shb","sering eror ketika pemesanan, petunjuknya begini: ""maaf ada kesalahan dalam sistem"", rupanya masalah harga yg belum diupgrade, sehingga saya sebagai konsumen mengira harga murah dan sesuai yg dicantumkan tetapi teryata berbeda. keluhan saya ini bukan pertama, di beberapa ulasan yg saya baca sudah cu...Ulasan Lengkapsering eror ketika pemesanan, petunjuknya begini: ""maaf ada kesalahan dalam sistem"", rupanya masalah harga yg belum diupgrade, sehingga saya sebagai konsumen mengira harga murah dan sesuai yg dicantumkan tetapi teryata berbeda. keluhan saya ini bukan pertama, di beberapa ulasan yg saya baca sudah cukup banyak yg mengalami ini, dan jawaban admin hanya meminta data dan suruh berkeluh kesah ke emailnya dan chatnya. harusnya ditindak lanjuti untuk membangu trust (keyakinan) konsumen. gak ckp space.",""
"Tekim Usu","Jangan mau menggunakan aplikasi ini,aplikasi penipu Dana refund mulai 16 Maret sampe hari ini tdk di balikkan alasan trs di suruh menunggu,teman saya yg sama berangkat pesan di traveloka dan 1 minggu dana refund nya sudah kembali,aplikasi ini menipu,cpat klen balikkan uang saya aplikasi penipu Benar...Ulasan LengkapJangan mau menggunakan aplikasi ini,aplikasi penipu Dana refund mulai 16 Maret sampe hari ini tdk di balikkan alasan trs di suruh menunggu,teman saya yg sama berangkat pesan di traveloka dan 1 minggu dana refund nya sudah kembali,aplikasi ini menipu,cpat klen balikkan uang saya aplikasi penipu Benar2 kapok pesan di pegi2,saran saya jgn pesan di pegi2 kalau ga mau di tipu Dr pihak citilink sudah di kembalikan dlm 3 hari,aplikasi penipu ini,aplikasi taik,aplikasi abal2",""
"ummu a3","Fiturnya masih kurang",""
"Bilqis Maharani","Harusnya tidak saya beri bintang karena saya kecewau 2 kali berturut turut ibu saya transaksi booking reddoors hotel melalui pegi pegi transaksi udh dibayar pas ke hotelnya ternyata gak ada reservasi atas nama ibu saya berkali kali pegi pegi nya ditelpon untuk konfirmasi malah selalu dalam antrian.....Ulasan LengkapHarusnya tidak saya beri bintang karena saya kecewau 2 kali berturut turut ibu saya transaksi booking reddoors hotel melalui pegi pegi transaksi udh dibayar pas ke hotelnya ternyata gak ada reservasi atas nama ibu saya berkali kali pegi pegi nya ditelpon untuk konfirmasi malah selalu dalam antrian...terus gimana uang yg udh terbayar tanpa bisa nikmatin fasilitas hotelnya..al hasil orang tua saya jadi keluar uang lg untuk booking hotel ulang... Tolong beri penjelasan untuk uang yg sudah melayang..",""
"Phy Coco94","Jgn lemot2 lagi ya aplikasinya",""
"MOCH ZAINURI","Sangat mengecewakan pelayanannya sy pesan hotel salah tgl katanya nggak bisa dirubah tgl nya setelah sy tlp hotel nya ternyata masih bisa tdk apa2",""
"Yanto Sk","Selalu gagal pas mau pesen tiket,error terus aplikasinya",""
"Eva Elvia","saya KECEWA dengan HOTEL REDOORZ di aplikasi ini. saya sudah pesan 1 bulan setengah sebelum nya, namun pas saya mau cek in ternyata sudah penuh... dimana di daerah tersebut semua penginapan sudah penuh semua. akhirnya saya luntang lantung mencari penginapan lain yg jaraknya lebih jauh... saya pesan ...Ulasan Lengkapsaya KECEWA dengan HOTEL REDOORZ di aplikasi ini. saya sudah pesan 1 bulan setengah sebelum nya, namun pas saya mau cek in ternyata sudah penuh... dimana di daerah tersebut semua penginapan sudah penuh semua. akhirnya saya luntang lantung mencari penginapan lain yg jaraknya lebih jauh... saya pesan 2 kamar namun baru 1 yang bisa ke refund... luar biasa KECEWA nya, hotel tidak bisa si pakai tapi pembayaran saya hanguss... baru pertama kalinya saya pesan hotel seperti ini, SANGAT KECEWA...",""
"muhamad elfarobbi","aplikasi penipu, bapak saya ketik hotel di kemayoran, stelah tranfer, ternyata hotel yang deket di kemayoran, yaitu kelapa gading, padahal di apk sebelah kalo kemayoran ya muncul hotel yang alamatnya kemayoran aja, ga yang lain, rugi saya....",""
"yoga sanjaya","Pegipegi emng luar biasa. Ajukan refund krn emng gak ada pnerbangan trkait corona. Udah kembalinya butuh 46 hari, uang tiket 2 jtan kmbali dlm bntuk VOUCHER cm 883 ribu. Baiklah, voucher itu akan jd transaksi trakhir saya dsini Pesan buat anda pengambil keputusan d pegi2 : kali ini anda boleh menang...Ulasan LengkapPegipegi emng luar biasa. Ajukan refund krn emng gak ada pnerbangan trkait corona. Udah kembalinya butuh 46 hari, uang tiket 2 jtan kmbali dlm bntuk VOUCHER cm 883 ribu. Baiklah, voucher itu akan jd transaksi trakhir saya dsini Pesan buat anda pengambil keputusan d pegi2 : kali ini anda boleh menang. Tp utk selanjutnya sdh pasti anda hancur",""
"Krisda Yanti","Sangat mengecewakan saya refund dari tanggal 21 maret sampai skrng 19 mei blom juga ada dana yg d kembalikan, padahal dari pihak maskapai sudah mengembalikan lebih dari 1bulan. Dan aplikasi lain semua yg saya refund sudah d kembalikan hanya pegipegi yg tidak konsisten dan mengecewakan.",""
"Veni Munandari","Pertama kali coba booking hotel pake pegi pegi sudah transfer padahal waktu batas waktu transfer taunya dicancel sepihak sama pihak pegipegi dgn alesan hotel penuh dan ribet ngurus refund dana nya.",""
"Teguh F","Pegi pegi anjing issued tiket Citilink ga da harganya tiket bodong",""
"T. Ryan Septyawan","Udh bayar, tapi pesanan dibatalkan, telpon cs minta dipesan kan lagi ga ada tanggapan, ditelpon lagi ditahan 5 menit tanpa jawaban, aplikasi dan customer service bodoh",""
"Dimas Aji","Apk apaan ni saya cari stasiun ko gak ada gimana sh? Stasiun sudimara gak ada stasiun rawa buntu gak ada!! Nyesel saya instal apk ini, percuma buang* waktu, orang lagi buru* malah apknya gak guna!!!!",""
"Pengguna Google","makin jelek setelh update. di tempat lain bisa booking kereta, di pegi2 tidak ada... gimana sih?? Tolong di cek dong.",""
"Muadz Abdul Aziz","sering error mlu pas ingin beli tiket",""
"Ari Permana","Saat akan melakukan pembayaran Loading sangat lama!! Tolong diperbaiki lagi.",""
"Haris Ridwan","Pesen hotel di Comford room near stasiun lempuyangan at wisma bu yanti 1.tdk ada deskripsi khusus perihal info kamar mandi dll,giliran sudh byr bru muncul deskripsi menjelaskn Kamar mandi Luar dan tdk menerima Refund/Pembatalan,merasa diTipu. Realnya jg tdk sprti dFoto,Jauh banget dr Harapan. Aplika...Ulasan LengkapPesen hotel di Comford room near stasiun lempuyangan at wisma bu yanti 1.tdk ada deskripsi khusus perihal info kamar mandi dll,giliran sudh byr bru muncul deskripsi menjelaskn Kamar mandi Luar dan tdk menerima Refund/Pembatalan,merasa diTipu. Realnya jg tdk sprti dFoto,Jauh banget dr Harapan. Aplikasi SOAK g selektif Filter info yg Valid.",""
"ichsan Kabeiru","sorry saya uninstal . karna . saya sudah 2 kali pesan tp tidak ada poin masuk . padahal pas di lihat di bawah harga hotel ada tulisan mendapat poin sekian . tp poin saya nyatanya masih 0 ga ad yang masuk . untuk apa jadi fitur poin ? jika tidak masuk dan tidak bisa di tukarkan .",""
"Pisau Garpunsbs","Kapan refundnya bisa kembali,tolong dong secepatnya diproses,kami butuh banget dana tersebut utuk saat2 seperti ini...",""
"Akemi Shazia Dermawan","Aplikasi PENIPU!!! Hati2.. harga di aplikasi sangat berbeda dengan harga yg muncul saat pembayaran!! Promo nya pun omong kosong..",""
"si akmal","Sangat buruk appnya pada saat pemesanan dan ada telpon masuk pesanan kita menggantungbdan tidak bisa di bayarkan sampai proses auto cancel selesai",""
"Reza Ari","Refundnya ya allah udah dari 16 maret 20 maret proses. Bru kemarin tgl 17/18 april telpon maskapai katanya udah diproses trus sekarang tanya pegi pegi masih proses. Kan anjing...gak recom banget. Kondisi gini asli pegi pegi nahan smua dana refund..tutup aja aplikasimu gak berguna kamu.mending burung...Ulasan LengkapRefundnya ya allah udah dari 16 maret 20 maret proses. Bru kemarin tgl 17/18 april telpon maskapai katanya udah diproses trus sekarang tanya pegi pegi masih proses. Kan anjing...gak recom banget. Kondisi gini asli pegi pegi nahan smua dana refund..tutup aja aplikasimu gak berguna kamu.mending burung biru dll yang cepat. Sampai tiga bulan itu kebijakan tahun berapa kalau garuda paham lah klo sriwijaya air gak sampai segitu lamanya",""
"Luthfiyah Shafira","Pengajuan refund saya sudah hampir sebulan yg lalu, tapi pengembalian uangnya sampai sekarang belum ada. Tolong dong, pegi-pegi kembalikan uang saya. Sudah berkali-kali saya telpon CS tetap saja jawabannya masih diproses. Sedangkan, di aplikasi yg lain saja uang refund saya sudah dikembalikan hanya ...Ulasan LengkapPengajuan refund saya sudah hampir sebulan yg lalu, tapi pengembalian uangnya sampai sekarang belum ada. Tolong dong, pegi-pegi kembalikan uang saya. Sudah berkali-kali saya telpon CS tetap saja jawabannya masih diproses. Sedangkan, di aplikasi yg lain saja uang refund saya sudah dikembalikan hanya dalam waktu 2 minggu. Tolong cepat proses pengembalian uang refund saya!!!!!!!!!!!!",""
"Eko Budiono","Harga menipu, belum termasuk pajak! hotel harga 380rb, pajak 70rb.. lucu",""
"Yudit Christiawan","setelah diupgrade ke versi terbaru, malah jadi lemot banget aplikasinya, bahkan nama hotel yang sebelumnya ada, sekarang malah tidak muncul. parah !!",""
"Venna Lee","Kalian kalau refund itu pakai uang jangan pake travel voucher! Orang beli pakai uang! Nyari uang susah bro!",""
"Arie Saputra","nyesal beli tiket disini, kita ajukan refund dari tgl 29 maret 2020 smpe skrng belum slsai juga, malah diganti dengan kupon, APLIKASI YANG BURUK!!!! yang namanya refund kembali uang, bukan malah di ganti dengan kupon. SANGAT SANGAT MENYESAL BELI TIKET DISII!!!",""
"wiwin oktavia","Pelayanan nya kurang, harga tidak bersaing, maaf saya un-instal, saya pilih aplikasi yg sering saya pake aja kek tr*****ka",""
"Salman Abdillah46","payah masa saya pesen aja baru malem tgl 20 pkl.23.00 tp di anggap telat karna harus check in pkl.14.00 tgl 20 katanya,emang gw bisa muteri waktu gt jd siang pkl.14.00? harusnya kalo emang telat masukin aj langsung tgl 21,otmatis check in skr telat dan lebih parah di anggap gagal,coba tlp CS pegi2 j...Ulasan Lengkappayah masa saya pesen aja baru malem tgl 20 pkl.23.00 tp di anggap telat karna harus check in pkl.14.00 tgl 20 katanya,emang gw bisa muteri waktu gt jd siang pkl.14.00? harusnya kalo emang telat masukin aj langsung tgl 21,otmatis check in skr telat dan lebih parah di anggap gagal,coba tlp CS pegi2 juga kurang ramah nadanya tinggi ga sopan 2x pake pegi2 langsung males,sedikit saran saja CS itu harusnya ramah sekalipun costumer salah,baru skarang tlp CS songong gitu",""
"Diah Ayuningtias","Kecewa saya sama pegi pegi skrg. Kualitas makin turun. Mau akses tiket lebaran langsung down ga ada rute tersedia pdhl thn sblmnya mending bisa dpt dan muncul. Parah...",""
"Eka Yuniawati","Hr ini aku kecewa.. masa kereta tdk tersedia pdh udh jam 00.00 pdhl td sempat muncul giliran mau byr gk bisa .. Pdhl udh 2thn aku percayain tiket mudik tp apa ini..",""
"Arman Alfarisi","Kecewa pakai aplikasi ini bbrp kali dpt tiket murah, pas mau pesan ehh gak bisa katamya terjadi kesalaahan sistem....piye to..kecewa kecewa pokonya, mendingan di traveloka gak ribet",""
"Dikky DaruHerman","Beberapa waktu lalu saya telepon pihak pegi2 mengenai refund dana dikarenakan covid-19, pihak pegi2 mengatakan bahwasanya utk pengembalian dalam bentuk dana tidak dijelaskan dalam bentuk Voucher!!!!! Saya Sangat kecewa berat mengenai hal ini karena saya berharap dalam bentuk dana bukan dalam bentuk ...Ulasan LengkapBeberapa waktu lalu saya telepon pihak pegi2 mengenai refund dana dikarenakan covid-19, pihak pegi2 mengatakan bahwasanya utk pengembalian dalam bentuk dana tidak dijelaskan dalam bentuk Voucher!!!!! Saya Sangat kecewa berat mengenai hal ini karena saya berharap dalam bentuk dana bukan dalam bentuk Voucher, tidak tahu kedepannya apakah jadi terbang atau tidak. Tolong untuk lebih teliti dan konsisten lagi dalam menyampaikan suatu informasi. Dan berikan solusi yg tepat untuk cuatomers! Saya KECEWA",""
"Fadli Yursal","BENAR-BENAR KECEWA, GA AKAN LAGI BELI TIKET PESAWAT LEWAT PEGI-PEGI. REFUND GA JELAS, NYALAHIN MASKAPAI, PADAHAL JELAS2 MASKAPAI SUDAH GANTI DUIT FULL KE PEGI2. KONSUMEN DIKORBANKAN. TERKAHIR KALINYA BELI TIKET LEWAT PEGI PEGI, MENDING TRAVELOKA AJA YG PASTI. SEKALI LAGI SANGAT MENGECEWAKAN !!!",""
"R A","Kacau refund nya, kapok",""
"Pengguna Google","harga nya gk neet masih ada pajak dan service kecewa poool",""
"iis istiqamah","proses refund lama, sudah sebulan dana belum kembali kalau diaplikasi serupa semingguan juga dana sudah masuk rekening semua , padahal konfirmasi ke sriwijaya dananya sudah masuk ke pegi pegi sejak tanggal 1 agus tapi sampai sekarang dana belum saya terima hmmmm",""
"Tumpal edyson Sagala","Sy kecewa berat dgn travel online Pegi pegi, sy refund dari tgl 29 nov smpai tgl 23 des 2019 blm keluar jg, smpai sy hub call center citilink tgl 23 des jam 14.05 ternyata dana tsb sdh dikembalikan ke agent travel tsb (pegi2). Ini dana refund buat biaya rs dan penumpang tsb harus cuci darah 1 minggu...Ulasan LengkapSy kecewa berat dgn travel online Pegi pegi, sy refund dari tgl 29 nov smpai tgl 23 des 2019 blm keluar jg, smpai sy hub call center citilink tgl 23 des jam 14.05 ternyata dana tsb sdh dikembalikan ke agent travel tsb (pegi2). Ini dana refund buat biaya rs dan penumpang tsb harus cuci darah 1 minggu 2X semalam msk ugd ttp jg dana refund nya ngk bs keluar jg, masalah nya dimna, managent travel tsb sdh tidak bgs dan tidak bs menjelaskan apa yg membuat terlalu lama pengembalian dana tsb.",""
"Purwandana UD Barokah","Dulu 2 tahun yang lalu sering banget pake pegi-pegi krn kemudahannya dan sangat user friendly. Entah kenapa sekarang, ketika saya buka aplikasinya tiba-tiba forced close dg sendirinya. Aplikasi harus terpaksa ditutup. Dan menurut saya itu sangat mengganggu aktifitas sy ketika sedang mencari tiket da...Ulasan LengkapDulu 2 tahun yang lalu sering banget pake pegi-pegi krn kemudahannya dan sangat user friendly. Entah kenapa sekarang, ketika saya buka aplikasinya tiba-tiba forced close dg sendirinya. Aplikasi harus terpaksa ditutup. Dan menurut saya itu sangat mengganggu aktifitas sy ketika sedang mencari tiket dan hotel. Sudah saya install dan restart kembali tetapi tidak membantu. Semoga kedepannya kesalahan dlm aplikasi ini dpt segera diperbaiki.",""
"Seni Wati","saya kecewa sama pegi2. kenaa proses refund saya sangat lama.... mada duruh nunggu 1 sampai 3bulan.. saya udh nunggu 24hari uang jg belum ditransfer. tolong dong kerja samanya.. saya kecewa bgt dr email tlp jawabannya berbeda2. saya pake traveloka proses refund pesawat cepet tidak selama pegi2. ini ...Ulasan Lengkapsaya kecewa sama pegi2. kenaa proses refund saya sangat lama.... mada duruh nunggu 1 sampai 3bulan.. saya udh nunggu 24hari uang jg belum ditransfer. tolong dong kerja samanya.. saya kecewa bgt dr email tlp jawabannya berbeda2. saya pake traveloka proses refund pesawat cepet tidak selama pegi2. ini pertama dan terakhir saya pake pegi2. nomor pesanan 12APK855A7D dan 12AKW855E4A",""
"puput oktaviani","kenapa tdk bisa buat akun baru? selalu tulisannya trrjadi kesalahan sistem. mau ganti kota tujuan jg tdk bisa. tolong sgra diperbaiki.",""
"iriana diena","lemoottt,udh download 3x ttp di 99% gk jln2 ..",""
"Evalery","NOMOR CALL CENTER TIDAK ADA YG AKTIF. MAU MINTA REFUND DANA KARNA MASKAPAI BATALKAN PENERBANGAN EH MALAH ADA KETENTUAN BIAYA ADMIN 75000. MASKAPAI YG SALAH KOK QT YG HARUS RUGI?",""
"Ichal Thamrin","saya sangat kecewa dengan pihak pegi pegi karna uang saya ludes 500 rb dan tidak di ganti rugi",""
"dyan hong","eh aplikasi kontol. gk usa kirim2 notif diskon kl harga sama seperti biasa. malah setelah notif diskon, harga lbh mahal dr biasanya. aplikasi babi",""
"Riani Ria","Aplikasi yang aneh. Nama asli sesuai KTP hanya 1 kata diubah by sistem aplikasi jadi 2 kata yang sama (gak sesuai KTP). Saat check-in ke maskapainya kan bisa jadi masalah. Aplikasi yang gak rekomended bagi yang punya nama hanya 1 kata saja (tanpa nama belakang).",""
"R Melati","jelek. promosi banyak diskon, stlh di install, banyak penerbangan yg tidak tersedia padahal rute penerbangan tsb ada. jadi yg dijual cuma rute penerbangan tttu yg sudah disetting. bad application!",""
"Lidia Andy","karna beli tiket diskon yg cm sejam dan server down mulu akhir nya salah beli jam, komplain untuk ganti jam ke CS slow respon dr email maupun live chat, live chat bales nya hampir 4jam dan pas di bales sy ga aktif krg lebih stgh jam lgsg di close chat aja gitu minta rating pelayanan live chat cs nya...Ulasan Lengkapkarna beli tiket diskon yg cm sejam dan server down mulu akhir nya salah beli jam, komplain untuk ganti jam ke CS slow respon dr email maupun live chat, live chat bales nya hampir 4jam dan pas di bales sy ga aktif krg lebih stgh jam lgsg di close chat aja gitu minta rating pelayanan live chat cs nya, jujur Kecewa.. sy sempet telp cs pegi2 respon nya lebih ok, tp di barengi sm email.. dan akhir nya malam baru di telp cs pegi2 pemberitahuan biaya adm bla bla lgsg sy transfer akhir nya selesai jg..",""
"Putra Pantura","Saya sangat kecewa dengan pegipegi, refund 4 orang/1keluarga, menunggu 2 bulan baru proses, dan yg saya sesalkan tdk dicairkan uang melainkan voucher, sama aja kita para costumer dipaksa untuk membeli tiket di pegipegi lagi. Padahal kondisi pandemi covid 19 kita sangat nembutuhkan dana/uang bukan ja...Ulasan LengkapSaya sangat kecewa dengan pegipegi, refund 4 orang/1keluarga, menunggu 2 bulan baru proses, dan yg saya sesalkan tdk dicairkan uang melainkan voucher, sama aja kita para costumer dipaksa untuk membeli tiket di pegipegi lagi. Padahal kondisi pandemi covid 19 kita sangat nembutuhkan dana/uang bukan jalan2 naik pesawat. Tdk lama saya uninstal ini aplikasi.",""
"azen frovi","Belajarlah dr traveloka, aplikasi lemot gk niat kasih promo, pas promo selalu lemot, promonya pun sdikit gk kyk traveloka. Pantes gk ada yg mau pakai pegipegi2. Kalah saingan sm traveloka yang tiap bulan selalu epicsale, bahkan promo bank banyak sdgkan pegi2 saja gk prnh promo  ...mau log in aja s...Ulasan LengkapBelajarlah dr traveloka, aplikasi lemot gk niat kasih promo, pas promo selalu lemot, promonya pun sdikit gk kyk traveloka. Pantes gk ada yg mau pakai pegipegi2. Kalah saingan sm traveloka yang tiap bulan selalu epicsale, bahkan promo bank banyak sdgkan pegi2 saja gk prnh promo  ...mau log in aja susah bgt klo ada promo, wktu bayar bahkan klik aja gk bs2.",""
"Pengguna Google","Dulu sy pake aplikasi ini ga ada IKLAN POP UP, kemaren sy download lg ada IKLAN POP UP yg sangat mengganggu pada saat chat, main game, nonton, dll. Yang lucunya udh dihapus aplikasinya POP UP nya masih ada. Dan ada label logo PEGIPEGI di POP UP tersebut. Miris! SANGAT MENGGANGU! Sangat disayangkan a...Ulasan LengkapDulu sy pake aplikasi ini ga ada IKLAN POP UP, kemaren sy download lg ada IKLAN POP UP yg sangat mengganggu pada saat chat, main game, nonton, dll. Yang lucunya udh dihapus aplikasinya POP UP nya masih ada. Dan ada label logo PEGIPEGI di POP UP tersebut. Miris! SANGAT MENGGANGU! Sangat disayangkan aplikasinya bagus tp POP UP ny menggangu.",""
"Sri Sepianita","keluhan saya, awalnya sy pesan,stelah pesan mau konfirmasi teryata ada pemberitahuan kalau maskapai yang saya pilih mengalami kenaikan harga hingga 200rb pdhl wktu cek harga sdh pas kenapa tiba2 mau sdh dipesan n mau konfir harga malahan dnaikka hargax jadix kecewa padahal di aplikasi sebelah ngg ad...Ulasan Lengkapkeluhan saya, awalnya sy pesan,stelah pesan mau konfirmasi teryata ada pemberitahuan kalau maskapai yang saya pilih mengalami kenaikan harga hingga 200rb pdhl wktu cek harga sdh pas kenapa tiba2 mau sdh dipesan n mau konfir harga malahan dnaikka hargax jadix kecewa padahal di aplikasi sebelah ngg ada yg gituan,harga yg tertera sdh hrga asli sampai hrga wkt mau konfir sdh itu harga kok dipegi2 nga sih... Merasa kecewa",""
"aditya fatmala santhi","Kasih waktu lagi dong utk pembayaran.Namun sejauh ini pegi pegi bagus.",""
"yahya herliyanto","Pegi2 gila,ngadain promo besar2an tapi gangguan dalam perbaikan,tolol",""
"niniie kt","Apa apaan ini ngadain promo tpi sistemnye error",""
"Darwis B. Pasaribu","Saar diskon maintenance Apk goblok",""
"ryan dimaz","Harusnya Kalau Kamar Hotel Sudah Not Available, Unitnya Jangan Ditampilakan Diaplikasi, Apalagi Pas Weekend Sabtu & Minggu, Giliran Dibooked Dan Dibayar Begitu Ditanyakan Kode Bookingnya, Kamar Full, Tidak Bisa Reservasi, Malah Dialihkan Ke Kamar Yang Lebih Jelek... Beda Sama Aplikasi Tetangga, Kala...Ulasan LengkapHarusnya Kalau Kamar Hotel Sudah Not Available, Unitnya Jangan Ditampilakan Diaplikasi, Apalagi Pas Weekend Sabtu & Minggu, Giliran Dibooked Dan Dibayar Begitu Ditanyakan Kode Bookingnya, Kamar Full, Tidak Bisa Reservasi, Malah Dialihkan Ke Kamar Yang Lebih Jelek... Beda Sama Aplikasi Tetangga, Kalau Dapat Pengalihan Dapatnya Yang Lebih Bagus Dan Biaya Kekuranganya Ditanggung Pihak Aplikasi, Karena Sudah Berkomitmen Pelayanan. #PegipegiKurangBagus.",""
"Fridha1804","aplikasi eror mulu",""
"Marta Aprilia","SANGAT TIDAK RECOMENDED LAH YA, PROSES REFUND SANGAT LAMA DAN BERBELIT BELIT, DANA SUDAH DI TRANSFER OLEH PIHAK MASKAPAI, TAPI BELUM DI TRANSFER JUGA KE REKENING SAYA, DENGAN ALASAN PROSES KESELURUHAN PENGEMBALIAN DANA MEMAKAN WAKTU 1-3 BULAN, DENGAN HITUNGAN HARI SABTU, MINGGU, DAN LIBUR NASIONAL T...Ulasan LengkapSANGAT TIDAK RECOMENDED LAH YA, PROSES REFUND SANGAT LAMA DAN BERBELIT BELIT, DANA SUDAH DI TRANSFER OLEH PIHAK MASKAPAI, TAPI BELUM DI TRANSFER JUGA KE REKENING SAYA, DENGAN ALASAN PROSES KESELURUHAN PENGEMBALIAN DANA MEMAKAN WAKTU 1-3 BULAN, DENGAN HITUNGAN HARI SABTU, MINGGU, DAN LIBUR NASIONAL TIDAK MASUK HITUNGAN HARI, DUH NYESEL AKU TUH DOWNLOAD APLIKASI INI DAN SEMPAT BELI TIKET DISINI",""
"Rendy Kurniawan","sangat tidak memuaskan, histori pemesanan ilang2 an, pdahal sudah log in, sudah di depan atm jdi balik lgi ke rumah grgr tidak bsa mengulang pesanan tpi dicari di histori pesanan jga tidak ada, sangat kecewa",""
"Muhammad Adam","Setiap mau cek out . Mau bayar lodingnya lama bngt udah di coba berkali kali sampai ganti hp kgak bisa",""
"SHIN GaleoN","BISA G LU REMOVE IKLAN LU DI SEMUA APLIKASI SAMA LINK CRHOME ANYING?",""
"Hadi Atmo","aplikasi goblok orang belum mesen udah di kira mesen!!",""
"Tikno Fitzeano","Parah... Parah...Parah.. menurut saya ini sangat mengecewakan sekali, tidak akan pernah menggunakan lagi, alamat dan map di aplikasi tidak pas pada titik tempat tujuan dan nyasar sampai jam 12 malam di dekat2 bukit keraton,,",""
"Pengguna Google","aplikasi anjing pilat asw lagi main game malah kebuka aplikasi ini,kalo mau promosi di tv dong jangan di hp cok asw",""
"Shaqilla Azzahra","aplikasi ga jelas.....setiap mau lanjut ke payment ga bisa....bego",""
"Patria Satya","Refund gak jelas! Di balekno bentuk voucher/kupon.! Lha gawe opo voucher karo kupon! Perjanjian awal refund iku dana sing balik lapo kok saiki berubah! Kebijakan gawe dewe ngatur ngatur dewe!",""
"hendra widiyanto","Diawal saya tertarik krn Harga diaplikasi tiket peswat kelihatan murah namun waktu dilanjut pembayaran beda,jauh lebih mahal. Waktu dipakai dan dibandingkan dengan agen yang lain, aplikasi ini malah jadi lebih mahal. Saya pasang aplikasi, waktu tau lebih mahal jadi saya uninstal lagi",""
"alphario S","Sangat mengecewakan Saya pesan malam dan ternyata tidak bisa di proses padahal sudah di hotel yg di tuju.. konfirmasi sangat lambat .. cs sangat sulit di hubungi",""
"mimin machzumi","giliran mau bayar via transfer mandiri, muter2 aja gak mau masuk... pfffttt",""
"Nadif Indoflyer","Saya awalnya install aplikasi ini karena masih jual Airasia, semenjak AirAsia ga muncul lagi disini gw uninstall lagi krn nanggung sama agenÂ² lain, kecewa saya.",""
"Aisyah Attamimy","mau refund aja g bisa hadewwwh padahal promosinya bs lbih mudah klo mau refund,tolong min jelaskan",""
"Bowo Powerpro","Dana Refund sama sampai saat ini belum dikembalikan dan ada info lagi kalo pengembalian dana akan dikembalikan menggunakan voucher tidak seperti TRAVELOKA mengembalikan dengan dana. (Tidak transparan). Setelah masalah ini fix un - instal applikasi PEGI2x dan tidak akan pernah pake lagi applikasi ini...Ulasan LengkapDana Refund sama sampai saat ini belum dikembalikan dan ada info lagi kalo pengembalian dana akan dikembalikan menggunakan voucher tidak seperti TRAVELOKA mengembalikan dengan dana. (Tidak transparan). Setelah masalah ini fix un - instal applikasi PEGI2x dan tidak akan pernah pake lagi applikasi ini. NGESEL.. pake applikasi. AYO.. Rame2 bikin gerakan un instal pegi-pegi.",""
"ratna kartikadewi","sangat mengecewakan dan bikin kapok..proses refund lbh dr 3bln g ada kejelasan. sangat tidak recomended !!!",""
"Yudhi Hdn","setelah dr februari 2018 dlu saya terakhir APK ini, dan trus skrng cb mulai buka lg, eh trnyata skrng pas udh diperbarui di 2019 dan skrng makin JELEK AJA NIH APLIKASI UDH KLO MESEN TIKET KERETA JUMLAH KURSI TIDAK TERLIHAT DAN MISAL KLO BYR DI GERAI INDOMARET/ALFAMART CMA SMPE JM 20.00 AJA..KECEWA S...Ulasan Lengkapsetelah dr februari 2018 dlu saya terakhir APK ini, dan trus skrng cb mulai buka lg, eh trnyata skrng pas udh diperbarui di 2019 dan skrng makin JELEK AJA NIH APLIKASI UDH KLO MESEN TIKET KERETA JUMLAH KURSI TIDAK TERLIHAT DAN MISAL KLO BYR DI GERAI INDOMARET/ALFAMART CMA SMPE JM 20.00 AJA..KECEWA SUDAH TDK SEPERTI DLU      MENDING BELI TIKET KERETA DI APK KAI ACCESS AJA.....",""
"Ronald Hadipura","Jangan memakai aplikasi ini.. aplikasi ini apabila kita pesan dan sudah di bayar dan ingin di ubah jadwal sangat sulit...",""
"Pengguna Google","ni aplikasi buat greget tau.. lelet nya minta ampun.. nyesal download.",""
"Kang Tazi","sangat kecewa uang sudah saya transfer eh ke pihak hotel g ada kompirmasi, minta di balikin uangnya ga di balikin sampe sekarang. dasar penipuan  ",""
"Jemmy Ang","penipu, gk ada bedanya sama traveloka, saya tidak mendapatkan penawaran dari air asia di aplikasi ini",""
"Lana Setra","Aplikasi gak jelas, kelihatan paling murah ditulisnya, tapi kenyataannya banyak perubahan harga dan pasti lebih mahal dr apl sebelah",""
"Virda Sasi","Udah ribet isi pesanan kereta api eh malah kesalahan sistem terus jadi gagal deh pesennya udah 3x nyoba tetep aja... Kesel....  ",""
"Muhammad Nur khawarizmi","masih sering error. masih kurang banget dari traveloka dari segi promo dan diskonnya",""
"M Zalki Parez","anjing gak jelas taik awal pembelian gak sesuai dengan pembayaran, tertulis (ada perubahan harga). jangan didownload aplikasi ini jancook",""
"Maira Ramadhy","HARGA TIDAK SESUAI YANG TERTERA!!! TERIMAKASIH TELAH PHP!!!!",""
"DONY SETIAWAN","penipuan publik, ketika pencet beli harga naik .",""
"Eko Diyantoro","Kenapa setiap pemesanan tiket kereta api gagal bad away, padahal tiket masih tersedia ketika melakukan pemesanan sudah penuh, tolong di perbaiki lagi servernya dan kalo bisa kuotanya ditambah lagi biar gk kehabisan tiket",""
"Sansivera Gaming","KALO PUNYA IKLAN PROMO HARGA MURAH DI SITUS LAIN SELAIN DARI DALAM APLIKASI KASIH TAU KAPAN BATAS WAKTUNYA!! SAYA BUTUH KAMAR MINGGU DEPAN MALAH DIPESAN HARI INI, UDAH GITU GAK BISA REFUND GAK BISA GANTI TANGGAL. SAMPAH!",""
"PUTRA ARIFIN","Aplikasi kunyuk,nyari tiket dibikin susah,masa baru 1 menit abis",""
"GUN introGit","PEMESANAN KE KAI GAGAL BAD AWAY. TAII KAGAK BISA2!!!!",""
"Pengguna Google","diperbaharui kok malah jd eror si, tmbh ribet buat pemesanan tiket kretanya, kbnyakn langkah2. loadng jg lama lemot",""
"M Ridwan Yasin","aplikasi yg tidak pernah singkron dengan hotelnya , saya sudah coba buktikan bukan hanya 1x tpi udah 3x , stiap saya mau pesan di pegipegi untuk hotel tujuan saya, yg kebetulan di kota saya , pasti kamar tidak tersedia, & setelah saya putuskan langsung berangkat ke hotel yg di tuju, ternyata tersedi...Ulasan Lengkapaplikasi yg tidak pernah singkron dengan hotelnya , saya sudah coba buktikan bukan hanya 1x tpi udah 3x , stiap saya mau pesan di pegipegi untuk hotel tujuan saya, yg kebetulan di kota saya , pasti kamar tidak tersedia, & setelah saya putuskan langsung berangkat ke hotel yg di tuju, ternyata tersedia kamar , . . tolong di perbaiki biar tidak mengecewakan pengguna pegipegi,",""
"Mr. GetBro","Mohon di perbaiki kenapa kok tiket ke malaysia dari jakarta , bulan december tidak muncul.",""
"zenddhy utomo","aplikasi benerin donk, masak baru buka terus balik kehalaman awal terus.",""
"Ismi Lawati","Parah kapok banget beli tiket melalui aplikasi ini.. Saya refund sudah lewat daro satu bulan tapi blm dikembalikan. Padahal Saya telpon pihak maskapainya bilang dana sudah di topup ke pegi2 dari sebulan sblmnya tapi saya konfirmasi lg gak ada penjelasan. ..ditunggu2 keadaan lg butuh2nya dana dikemba...Ulasan LengkapParah kapok banget beli tiket melalui aplikasi ini.. Saya refund sudah lewat daro satu bulan tapi blm dikembalikan. Padahal Saya telpon pihak maskapainya bilang dana sudah di topup ke pegi2 dari sebulan sblmnya tapi saya konfirmasi lg gak ada penjelasan. ..ditunggu2 keadaan lg butuh2nya dana dikembalikan dong jangan ditahan tahan ...jangan sampai pesan disini ya..",""
"Roni Kurniawan","Mantap selalu ada promo, tp tolong dong limit pembayaran nya di perpanjang lagi....",""
"Pengguna Google","Tolong waktu pembayarannya di perpanjangan lagi masa cuma menit..",""
"Ria Andriani","Aplikasi sering eror",""
"Agung Laksono","parah untuk pelayanan nya karna saya sudah booking tetapi ketika saya sudah smpe di tmpat/ hottel malah saya gak dapet room brarti buat appa aplikasi ini di buat dan mesen lewat aplikasi ini.jika saya tdk dapet room...mlhn saya di kenakan cas lagi 200 ribu untuk room yg bukn saya pesen ...tolong lah...Ulasan Lengkapparah untuk pelayanan nya karna saya sudah booking tetapi ketika saya sudah smpe di tmpat/ hottel malah saya gak dapet room brarti buat appa aplikasi ini di buat dan mesen lewat aplikasi ini.jika saya tdk dapet room...mlhn saya di kenakan cas lagi 200 ribu untuk room yg bukn saya pesen ...tolong lahh jika seseorng itu sudah booking brrati dia harus di dahulukan bukn nya di sepelein kaya gni.... ",""
"endang domestika","aplikasinya koq sering nge heng yah...",""
"Memey Riana","Bulan2 ini promonya jelek gak kyk bulan2 kemrin padahal akhir tahun ,,kecewa    ",""
"Nat Mar","JANGAN PERCAYA APLIKASI PEGI PEGI INI LAGI.,, BANYAK PENIPUANN.. TERUTAMA BUAT PARA BISNISMAN,, ATAU YG LAINNYA. REFUND uda 5 bulan, ditelpon uda 20x ttp uang gak masuk. Cocok nya gini yg harus dipolisikan.",""
"Chriz","kok pas saya mau booking tiket pesawat malah error dan tak bisa di booking. mohon arahannya.",""
"Pengguna Google","Nyesel ane download. ternyata blm semua stasiun.. stasiun sragen ga ada di dalam aplikasi... bagi yg mau download jangan download pasti nyesel..",""
"Mentari Gemilang","Tolong! Perbarui aplikasi untuk metode pembayaran bisa pakai gopay/dana/ovo, biar enak, praktis gak ribet. makasih",""
"Adam Tuts","Jelek, katanya promo pas di cek mahal mahal daripada aplikasi sebelah",""
"Akhmad Nur Hidayat","sangat buruk, tidak profesional, tolong WA saya di respon, aplikasi sebesar inicpelayananya sangat jelek",""
"Nita Djuwita","bagusan sebelum di perbaharui metode pembayarannya lebih detail, sekarang rada bingung cara bayarnya padahal langsung mesen tiket kereta baru 5menitan udah mau bayar langsung abis aja tu tiket gegara nyari nomor rekeningnya gak di tampilin ...",""
"Pengguna Google","Udah masukin kupon gempita dan udah masuk ke halaman selesaikan pembayaran karena sukses dapet harga 50%. Tapi waktu diklik setelah mengisi nama pemilik rekening kok ada pemberitahuan yang intinya berbunyi bahwa saya telah melakukan pemesanan hotel yang sama, lalu aplikasinya meminta saya mengecek ""...Ulasan LengkapUdah masukin kupon gempita dan udah masuk ke halaman selesaikan pembayaran karena sukses dapet harga 50%. Tapi waktu diklik setelah mengisi nama pemilik rekening kok ada pemberitahuan yang intinya berbunyi bahwa saya telah melakukan pemesanan hotel yang sama, lalu aplikasinya meminta saya mengecek ""Pemesanan Saya"". Lah saya kan belum pesan hotel apapun kok ga bisa meng-klik pembayarannya. Ketika saya kembali memesan dan memasukkan kode kupon diskon, kuponnya sudah ga bisa dipake karena kuota sudah full 300. Sungguh menjengkelkan. Rasanya seperti dipermainkan.  ",""
"Dwi Arum","kesel deh. katanya red doorz ada promo dan diskon. tp harganya kok tambah mahal. tdk seperti di diskon. dan hotel red doorz tdk sesuaj seperti digambar. jelek pula",""
"Andi Hidayat","Aplikasi payah. Sistem sering eror. Sudah bayar malah dibatalkan pesanannya. Hubungi cs via livechat, email dan telpon slow respon semua. Benar benar tidak memuaskan dan bikin muak. Oh iya tiap nelpon cs gak diangkat dan itu sudah memakan pulsa berkali kali. Sangat sangat merugikan aplikasi ini.",""
"Javier Saviola Sinuraya","Saya sangat kecewa dalam promo yg diselenggarakan oleh PegiPegi. Promo start jam 11 siang tapi server eror, saya trus mencoba tidak bisa juga. Akhir saya putusan saya menyerah dan membuang waktu saya. Bye PegiPegi (uninstall).",""
"ALL About BATAK TOBA","Auto uninstal nih kayanya. Masa dong kasih jadwal promo sy ikutin smpe 3 jadwal eh malah perbaikan jaringan terus. Giliran bisa, discountnya malah dikit banget. Ampunn. Aplikasi lain gk discount jg gk segitu harganya wkwk. Gak bisa dipercaya nih.",""
"Eka Permana Putra","Aplikasi travel paling goblok, bangsat lah.....mau boking,error terus....ada diskon aplikasi langsung error, niat gak sih jualan sama konsumen!!!! Bangsat gw uninstall ini aplikasi pake yg laen aja",""
"aufa pooh","Saya sangat kesal dan kecewa dengan ini aplikasi..saya booking tiket uda bayar tapi dibatalkan kata cs karna limit waktu habis padahl saya lpor saya dah bayar tp info beum.update blikin uang saya aja 2.6 lebih lo itu",""
"aris munthe","Setiap promo pasti error, hanya penipuan publik, lebih baik pegi2 ga usah buat promo lagi. Dasar aplikasi pemberi harapan palsu, contoh traveloka kalo promo ya promo. Traveloka is the best",""
"Rusmaladewi","Payah, tidak bisa pesan pada saat diskon padahal sudah menunggu sampe waktunya tiba, malah penerbangannya tidak ada. Apa apaan",""
"IT's Traveling","setiap ngadain promo aplikasinya error. Pas udah normal promonya udah habis. Kok merasa tertipu ya?",""
"Muhamad Mudrikah","Aplikasi yang selalu error pas ada promo. Auto uninstall ni aplikasi OTA paling mengecewakan",""
"Yuli Chie","Aplikasi anjing, sering bilang dalam perbaikan jadi ga bisa",""
"Yofa Andri","Bilang ada diskon tapi aplikasi ga bisa di buka hanya omong kosong",""
"Gunawan Aleng","Aplikasi yang paling banyak eror. Jadi malas mau pesan",""
"lia ks","Jelek banget aplikasinya,,loadingnya lama, giliran promo eror",""
"Eko Husni widodo","Lah percuma pegi"" ada diskon juga pasti eror pas mau booking",""
"Team soal","Bohong aja aplikasi ini. PHP promo diskon 50%.",""
"Deddy Trianto","Promo kok gak niat .... hapus aja app ini gak jelas",""
"roky hutauruk","Ada promo, tapi ERROR. Trun 1 * dulu lah.",""
"Irsyad Ramadhan","Penipuan bangsat katanya promo 500k pas di tunggu penerbangan error kn ajg!",""
"ayu wulandari","sering terjadi perubahan harga ketika masuk k menu pembayaran nya, dan itu sangat mengganggu.",""
"lida faqih","Pegi-pegi bertanggung jawab sekali. Karena pandemik corona villa di bali saya tidak beroprasi sampai akhir april dan pihak pegi-pegi memberitakannya. Lalu pihak pegi2 pun segera mengembalikan biaya pemesanan hotel kurang lebih dalam kurun waktu 2 hari. Tidak seperti aplikasi online sebelah yg tidak ...Ulasan LengkapPegi-pegi bertanggung jawab sekali. Karena pandemik corona villa di bali saya tidak beroprasi sampai akhir april dan pihak pegi-pegi memberitakannya. Lalu pihak pegi2 pun segera mengembalikan biaya pemesanan hotel kurang lebih dalam kurun waktu 2 hari. Tidak seperti aplikasi online sebelah yg tidak memberitahukan apa2 dan sulit untuk refund.",""
"Pengguna Google","ini aplikasi sinting kali ya...berjam"" ga bisa nyari tiket...leleeet lebih lelet dr siput..menjijikkan",""
"Rudi Nugraha","Kacauu....minta d perbaharui...sudah saya perbaharui malah tetep gk bsa d instal...aplikasi macam apa ini...awal nya seneng sering update promo hotel d pegi2",""
"Jovit 378","Dari ulasannya banyak yg kecewa jadi saya gk mau kena juga hahahaha",""
"Pengguna Google","Ini aku mau refund, masih aja belum d proses.. gimana sih??",""
"budi sutrisno","aplikasi busuk, tidak berguna",""
"Tommy Wijaya","Aktivasi aj susah.. kirim ke email ga bisa masuk.. parah ni app.. ccd luar dalam",""
"el hidayat","Aplikasi terburuk untuk pembelian tiket pesawat loading susah lelet yang jelas menyesal telah download App ini. Sunggi rugi",""
"Rizal Aldi","pajak nya ga ngotak , padahal setelah cek di tkp nya emg sgtu dan udh termasuk pajak , knpa masih kena pajak lg sma pegi2",""
"Girlra official music","Jelek ga ada solusi..duit saya melayang",""
"Gwyneth Virginia","pegi - pegi jelek pelayanannya masa mau bayar tiket pesawat pakai kartu kredit bca engga bisa mending unnistal aja nih aplikasi",""
"Yuvristz Kekon","aplksi tidak berguna",""
"Ronal V","Sistem masih jelek. Masa di aplikasi tiket ada, tapi giliran checkout, penerbangan tidak ada.. Ngaco... Benahi sistem nya dlu",""
"Endy Math","Apa maksudnya dengan pembatalan di daftar pesanan setelah saya dapatkan promo, padahal tinggal transfer aja. Sangat tidak profesional.",""
"Izza Karunia","Ini kenapa pegi pegi nih iklan promo diskon 30% sudah berhari-hari dapet informasi lewat email dan notif, giliran mau pesan di tanggal dan waktu yg ditentukan malah sistem perbaikan...uuuuuuuuu malah gabisa pesan lagi :(",""
"rajamuhamadazharullah raja","Sistem jelek banged.. katanya ada promo tapi sistem eror..gak profesional",""
"Apri Zal","cs nya gak jelas ngasih informasi dan gak bertanggung jawab bangeet",""
"Ika Cute Bell","Kok susah di donwload.pdhl sudah menginstal",""
"Pandu Wibowo","Sering error..ada tulisan pegi2 dlm perbaikan",""
"wahyu ady ramadhani","aplikasi aneh. harga hotel 247.265 ditambah pajak malah bulet jadi 300ribu. ini oajak kok menggenapkan? tapi fee handling nya 0 rupiah",""
"Alamsyah Alam","sulit mengakses.",""
"herdis sunarto","pegi2 nyusahin. nomer2 cs nya ga bisa dihubungi. masukin agen yg ga jelas, ga ada nomer yg bisa dihubungi. sampe saya nunggu berjam2 goblog",""
"Sam Piere","aplikasi aneh, mau masuk katanya email belum di aktifkan, tapi nggak di kirim aktivasinya? halo, mending menggunakan traveloka aja dah",""
"Sandra Viviana","Ternyata blm include pajak ya termasuk mahal konsumen cari yg udah beres maaf aku pindah apk lainnya aja...",""
"Nur Ain","saya uninstall ni apk takut pembayaran yang gk jelas., sperti di komen"".",""
"Nur Hayati","kox setelah di update, jadi susah begini sihh.... loading lamaa padahal internet lancar....... hadehh",""
"sapri sapriannoor","Kuitansi pembelian kurang simpel .. susah buat spj .",""
"Lina Ningsih","Harga yg tertera murah pas mau bayar harga naik..",""
"Coker Dan Juheri","Hedeh semua balasan sama, males kali yg mau ketik, gak level tidak sprt alikasi yg warna biru2 itu, promosi bohongan",""
"Ismail Pers","Tidak suka aplikasi jelek",""
"Mardiana Syahrul","Kok gak bisa dipake lagi ya...sy mau pesen hotel tp pas pembayaran gagal terus",""
"Muhammad Arsyad","Saya kecewa dengan pelayananya Jika ada kendala cs via telpn dan email tidak direpson Bahkan 100x ditelpn keburu pulsa habis Perbaiki kinerja Pengamalan yg buru",""
"Athar Channel","Proses refund lama, & banyak potongan hrga yg tidak sesuai ketentuan maskapai ..",""
"ritz life","TOLONG DONG DIPERBAIKI SISTEMNYA. JANGAN BAYAR DL BARU PILIH SEAT. SY BAYAR 2TIKET KAI SAAT PILIH SEAT HANYA 1 SY TLP CS PEGI""MALAH GA BS BANTU AKHITNYA SY K PT KAI GANTI SEAT DN HARUS BAYAR LG.",""
"araa chan","Jelek banget. Gw pertama kali pake pegipegi lagi cari hotel di Purwakarta, udah masukin data tinggal bayar, pas bayar di indomaret terdekat malah dapet email kalo kamar udah penuh. Minta refund proses nya ribet. Live chat nya ga bener. Email gak di bales. Di tlp ampe abis pls banyak juga msh lama. K...Ulasan LengkapJelek banget. Gw pertama kali pake pegipegi lagi cari hotel di Purwakarta, udah masukin data tinggal bayar, pas bayar di indomaret terdekat malah dapet email kalo kamar udah penuh. Minta refund proses nya ribet. Live chat nya ga bener. Email gak di bales. Di tlp ampe abis pls banyak juga msh lama. Kalo udah abis tuh kasih tau pas sebelum bayar tai bukan pas udah bayar malah ngeribetin orang Jangan download nyesel. Kalo ada bintang 0 gw kasih 0",""
"Nep Kudo","Saya pesan kamar No booking A0207ALV3FY Sudah hubungi pegi pegi customer service sampai sekarang tidak ada tanggapan nya Sudah bayar sampai hotel tidak ada kamarnya",""
"Muhamad Yusuf","Jelek kaya tai",""
"Olga Jadha Casmira","Promo2nya terlalu banyak persyaratan sehinga percuma ada promo tp gak bisa d pake juga, bahkan ada yg promonya Jawa sentris banget, walaupun sy orang Jawa tp kalo mau pergi k pulau lain ya gak bisa pake promo jd sm aja bohong.",""
"rakhmat saleh","mengecewakan.",""
"Sadof lon","kenapa tidak bisa d download neh... parah bgt...apa maksud pegi-pegi...",""
"Av CooL","Saya mau refund tiket tapi kok gak bisa... Tolong jelaskan",""
"Muhammad Mizan","Aplikasi gk guna,,, gk bisa dipercaya, jangan gunakan aplikasi ini,kalau gk mau nyesal!",""
"Haidar Althafandra Perdana3we31","APPLIKASI APAAN!! KAMAR TERSEDIA, PAS UDAH DITRANSFER UANGNYA 1.402.200 MALAH DAPET BALESAN EMAIL KAMAR SUDAH HABIS     MAKSUDNYA APA??? GA ADA KONFIRMASI SEBELUMNYA!! AWAS AJA KALO DUIT GA BALIK GUA TUNTUT!!!!!!",""
"sang peraih","mengecewakan!",""
"DAPUR NINDIKA","kurang profesional pelayanannya",""
"arifin kirby","Biaya aneh, di kalender harga murah, setelah dipesan harga mahal.",""
"ici chandra","untuk tiket agak lambat saat proses booking",""
"andy gouw","aplikasi susah di gunakan..berbelit2..taii",""
"Zikria Fikri","Buruk pelayanan customernya.... Pengembalian refandnya Lama tidak kaya traveloka... Di tambah banyak hotel atau penginapan yang tidak jelas.... Nyesel download aplikasi mah klo kyk gini.... Meningan pindah aja ke trevel traveloka.....",""
"Karel Silaban","fitur fiturnya kurang lengkap.. pesawat jam berapa nya smpai jam brapanya wktu awal keberangkatan .. tidak tersedia.. aplikasii zoonk..",""
"Fam'z Official","Aplikasi tolol. Masa pesan gagal terus",""
"Adjie Bin Karteji","Registrasinya susah padahal udh diisi bener semua",""
"Emdroew luffy","update aplikasi malah jadi gk beres,tidak bisa klik lanjut untuk pembayaran. Padahal versi sebelumnya tidak pernah sperti ini",""
"Rasbeny TV","Selalu gagal saat download mencapai 80%",""
"Mella Cecilia","males bgt pake aplikasi pegi pegi ini gak bsa refund gak bsa rubah jadwal,di traveloka walaupun di depkripsinya gak bsa refund dan gak bsa rubah jadwal klo udh tlpon langsung ke pihak traveloka bisa di rubah...",""
"Rizqi Tamaa","kecewa, kenapa jadi tambah jelek, log in gk bisa, pesen selalu gagal efek harga gk update,,,tolong lah jangan gini, masih bagus yang dulu,,,.",""
"SUDARMANTO TERATE","terpaksa saya hapus akun saya ngk bisa log in lagi kecewa",""
"Wiwi Siti Hasanah","gak kayak dulu, payah. loading lama banget keburu abis tiket nya.",""
"ferry nortanio","Proses nya nggak ribet",""
"Nanda Satu","Kebanyakan boong tentang refund, proses ribet, Paling Ribet dan ga pernah mengucapkan TERIMA KASIH UNINSTAL BYE APLIKASI BUSUK",""
"Siti Nurhaedah","Mitra property nya gak berkualitas ngasal terima mitra.. Gak kaya reddoors bagus mitranya semua seragam Jangan didownload deh rugi KUOTA DOANG... APLIKASI BAGUS TAPI MITRANYA JELEK SEMUA GAK KONSISTEN SAMA SLOGAN",""
"Abri Anto","Ko uang pembatalan sya belum dikirim2 ya pdahal dah 1bulan lebih lo",""
"Yuli Aulia","Lama lodingnya",""
"Portgas D Ace","Refound peberbangan Tipu- tipu. Dari september 2019 sampai februari 2020 belum ada pengembalian. Ganti aja namanya tipu - tipu jangan pegi pegi.",""
"RAFI APTA","karena setelah saya hapus ni aplikasi hp ku jadi eror setiap mau buka aplikasi dan saat di dalam aplikasi iklan pegi pegi melulu. MOHON UNTUK DI UPDATE !!!!!!",""
"Dian Fatiha","kurang pelayanan, tidak ada limit utk harga promo. kesal, selalu berbuah setiap sedang loading memesan. embel2 promo tapi tidak ada termurah, semua rata2 mahal. masih mending traveloka. kecewa sangat.",""
"Dede Setiyono","aplikasi tidak berguna , aplikasi lain tiket sudah muncul jm 00.00 ini muncul jm 00.30 berikut tiketnya abis kan lucu , nyesel saya download aplikasi macam gini rugi waktu ,istirahat terganggu ga dapat hasil apapun !!!",""
"Bro ddstyn","aplikasi tai, di aplikasi lain udah muncul jadwal kereta dari jm 00.00 ini muncul pas udah abis, niat bikin aplikasi kaga? kalo kaga ga usah nyesel saya Download , nyesel saya Download udah bergadang ga ada hasil sampah",""
"Yoga Alfian","Gw uninstal. Ga jelas banget. Suka muncul iklan Pegi pegi sendiri tiap nonton youtube malah muncul iklan pegi pegi. Otomatis ke pause deh. Bukan hanya di youtube tp juga semua aplikasi",""
"mae munah","Sia sia download pas jam 00 tetep loading jadi gak kebagian tiket kereta nya",""
"Rosdiana RD","Dari kemaren sampai pagi ini tidak bisa dowload ..parah..",""
"Pobe Pekanbarucctv","cs ngak ada yg stay 24jam telpon email chat semua ngak respon...",""
"Doni Daroy","penipuan... diskon diskon tapi pas mau check out bayar tiket dinaikkan harganya 200%",""
"Pengguna Google","aplikasi sering error. selalu mempersulit",""
"Aldi Rusli","loading sangat lambat dan beberapa kali gagal transaksi",""
"irfan prasetiyo","aneh ih. udah mau login ga bisa trs. padahal di situ e-mail sudh terdaftar padahl udh dpt konfirmasi e-mail nya. kenpa ya.",""
"Vera Laoshi","Proses refund yg tidak jelas. Nominal yg diberikan tidak sama dan tidak jelas angka yg diberikan darimana. Selama ini anak saya dan saya langganan beli di pegipegi. Pengalaman buruk refund disini",""
"Alan Darmasaputra","Saya amat kecewa dengan Aplikasi ini, krn menyertakan detail yg tidak sesuai dengan pihak hotel. Lalu pihak hotel pun enggan mencarikan solusi disaat ada ketidak samaan terhadap informasi di Aplikasi ini.    ",""
"I Gede Adnyana","Proses refund sangat lama ! OTA lain gak selama ini meskipun memang ketentuannya s/d 3 bln",""
"Rara Hong","kalau pakai discount tdk dapat point.. jelek bgt",""
"Pengguna Google","saya menghapus aplikasi ini Karena Persaingan Gak Sehat...Air Asia keluar, Mungkin Gara2 Tiketnya Air Asia lebih MURAH Dibandingkan Lion Air... Ada Monopoli Tiket MURAH oleh Maskapai L***",""
"Achmad Afifudin","sangat mengecewakan.. promo diskon besar-besaran giliran waktunya promo setiap di cari rutenya tidak tersedia (padahal di maskapai masih tersedia banyak) dan ketika bisa promo tertulis habis..saya tidak yakin dengan promo pegipegi",""
"Tiara Hermastuti","pelayanan kurang memuaskan nunggu aja sampe 2 jam lebih",""
"Haqi Abdullah","loading lama, sering gangguan sistem, dan promonya yang diskon 144% kagak bisa di gunakan,, apk bobrok",""
"Protasius Garry","apk paling aneh, buat promo tpi waktu promo berjalan apknya gk bisa mencari penerbangan dll, noob cujkk",""
"I gusti ayu Rika","apaan... ksh promo tp server error. gak niat ksh promo  ",""
"Rika Sari","Aplikasi kurang aja pihak maskapai bilang estimasi cuma 2 minggu ini bilang estimasi 1-3bulan dan lagi pengajuan saya sudah sebulan lebih bilangnya masih proses maskapai tetapi pihak maskapai bilang bahwa proses refundnya dah selesai di kembalikan ke pegipegi aplikasi anjing sampai suami saya di tah...Ulasan LengkapAplikasi kurang aja pihak maskapai bilang estimasi cuma 2 minggu ini bilang estimasi 1-3bulan dan lagi pengajuan saya sudah sebulan lebih bilangnya masih proses maskapai tetapi pihak maskapai bilang bahwa proses refundnya dah selesai di kembalikan ke pegipegi aplikasi anjing sampai suami saya di tahan polisi gara2 anda bangsat. Kami sudah sabar dari awal suami belum di laporkan orang gara2 uangnya belum kembali dari pegipegi sekarang suami saya harus didalam tahanan lu enak ngak mikir bangsat",""
"Sugmaì—‘ì†Œ","niat ngasih promo gak sih, applikasinya seketika lemot dan error mulu pas jam 10 lebih beberapa menit doang, gak kuat atau gimana, ntar giliran mendekati jam promo habis baru lancar hmm",""
"Dedeng Rusdianto","di aplikasi selalu bilangnya ""terjadi kesalahan sistem"" udah booked hotel tapi gak ada muncul di pesanan, trus poin nya tetep gak ada padahal di email udah ada confirmed  ",""
"Mastria Maila","apaan ini aplikasi giliran ada diskon gede pas di aplikasi sistem jaringan buruk aku buka lapak lain lancar lancar aja kl ga niat kasih diskon ga usah php ditungguin ampe jam 10 malah jaringan eror buktinya saya bisa komen skrng tanpa ada hambatan sinyal dasar aneh ini aplikasi ",""
"Hady_ Sah","buat promo diskon 64% tpi gangguan trs. tiba bisa promo sudah habis... hoax... puasa2 buat tipuan. kalau mmng buat diskon yg real.. trs harga ga pernh bnr. selalu ada tmbh2 an biaya. tolong perbaiki.",""
"Muza Selvia Lingga","Langsung uninstal, diskonannya cuma omong doang, bohongan aja, saat kupon promo mau d pergunakan langsung gak bisa",""
"NurKholis Fahmy","sungguh gak menyenangkan diskon best prizenya udh saya pantengin. saya nyari tiketnya ada gangguan. padahal saya pantengin dua jam sebelum best prize. mau beli tiket pesawat ada tulisan ada gangguan. iklan d jakrta d mna2 untuk best prize giliran saya pantengin kuponnya. gak bisa cek tiket pesawatny...Ulasan Lengkapsungguh gak menyenangkan diskon best prizenya udh saya pantengin. saya nyari tiketnya ada gangguan. padahal saya pantengin dua jam sebelum best prize. mau beli tiket pesawat ada tulisan ada gangguan. iklan d jakrta d mna2 untuk best prize giliran saya pantengin kuponnya. gak bisa cek tiket pesawatnya. g mna mau di pake kupon best prizenya klu tiket pesawat ada ganggu koneksi",""
"dela yunita","ada discount 64%, udh mantengin app dr jam 955 menit pertama klik baru 1 menit pertama udh abis kuota promonya haha auto uninstall aja, mending promo lapak sebelah yg pasti2 aja. ngakak sih",""
"Mr. Susanto","Buruk.. selalu terjadi kesalahan sistem waktu cek tiket pesawat",""
